origin_zone,destination_zone,volume_break,tariff,price,extra_liter_price
9,Москва и МО,0 до 1,9-Москва и МО-0 до 1,296,0
9,Москва и МО,1 до 3,9-Москва и МО-1 до 3,368,0
9,Москва и МО,3 до 5,9-Москва и МО-3 до 5,382,0
9,Москва и МО,5 до 10,9-Москва и МО-5 до 10,448,0
9,Москва и МО,10 до 15,9-Москва и МО-10 до 15,503,0
9,Москва и МО,15 до 20,9-Москва и МО-15 до 20,608,0
9,Москва и МО,20 до 30,9-Москва и МО-20 до 30,809,0
9,Москва и МО,30 до 50,9-Москва и МО-30 до 50,1152,0
9,Москва и МО,50 до 80,9-Москва и МО-50 до 80,2083,0
9,Москва и МО,80 до 100,9-Москва и МО-80 до 100,2569,0
9,Москва и МО,100 до 120,9-Москва и МО-100 до 120,2938,0
9,Москва и МО,от 120,9-Москва и МО-от 120,2938,18
10,Москва и МО,0 до 1,10-Москва и МО-0 до 1,315,0
10,Москва и МО,1 до 3,10-Москва и МО-1 до 3,419,0
10,Москва и МО,3 до 5,10-Москва и МО-3 до 5,431,0
10,Москва и МО,5 до 10,10-Москва и МО-5 до 10,499,0
10,Москва и МО,10 до 15,10-Москва и МО-10 до 15,518,0
10,Москва и МО,15 до 20,10-Москва и МО-15 до 20,662,0
10,Москва и МО,20 до 30,10-Москва и МО-20 до 30,891,0
10,Москва и МО,30 до 50,10-Москва и МО-30 до 50,2194,0
10,Москва и МО,50 до 80,10-Москва и МО-50 до 80,3316,0
10,Москва и МО,80 до 100,10-Москва и МО-80 до 100,4243,0
10,Москва и МО,100 до 120,10-Москва и МО-100 до 120,4865,0
10,Москва и МО,от 120,10-Москва и МО-от 120,4865,36
9,СПБ и ЛО,0 до 1,9-СПБ и ЛО-0 до 1,296,0
9,СПБ и ЛО,1 до 3,9-СПБ и ЛО-1 до 3,368,0
9,СПБ и ЛО,3 до 5,9-СПБ и ЛО-3 до 5,382,0
9,СПБ и ЛО,5 до 10,9-СПБ и ЛО-5 до 10,448,0
9,СПБ и ЛО,10 до 15,9-СПБ и ЛО-10 до 15,503,0
9,СПБ и ЛО,15 до 20,9-СПБ и ЛО-15 до 20,608,0
9,СПБ и ЛО,20 до 30,9-СПБ и ЛО-20 до 30,809,0
9,СПБ и ЛО,30 до 50,9-СПБ и ЛО-30 до 50,1152,0
9,СПБ и ЛО,50 до 80,9-СПБ и ЛО-50 до 80,2083,0
9,СПБ и ЛО,80 до 100,9-СПБ и ЛО-80 до 100,2569,0
9,СПБ и ЛО,100 до 120,9-СПБ и ЛО-100 до 120,2938,0
9,СПБ и ЛО,от 120,9-СПБ и ЛО-от 120,2938,18
10,СПБ и ЛО,0 до 1,10-СПБ и ЛО-0 до 1,315,0
10,СПБ и ЛО,1 до 3,10-СПБ и ЛО-1 до 3,419,0
10,СПБ и ЛО,3 до 5,10-СПБ и ЛО-3 до 5,431,0
10,СПБ и ЛО,5 до 10,10-СПБ и ЛО-5 до 10,499,0
10,СПБ и ЛО,10 до 15,10-СПБ и ЛО-10 до 15,518,0
10,СПБ и ЛО,15 до 20,10-СПБ и ЛО-15 до 20,662,0
10,СПБ и ЛО,20 до 30,10-СПБ и ЛО-20 до 30,891,0
10,СПБ и ЛО,30 до 50,10-СПБ и ЛО-30 до 50,2194,0
10,СПБ и ЛО,50 до 80,10-СПБ и ЛО-50 до 80,3316,0
10,СПБ и ЛО,80 до 100,10-СПБ и ЛО-80 до 100,4243,0
10,СПБ и ЛО,100 до 120,10-СПБ и ЛО-100 до 120,4865,0
10,СПБ и ЛО,от 120,10-СПБ и ЛО-от 120,4865,36
9,1,0 до 1,9-1-0 до 1,296,0
9,1,1 до 3,9-1-1 до 3,368,0
9,1,3 до 5,9-1-3 до 5,382,0
9,1,5 до 10,9-1-5 до 10,448,0
9,1,10 до 15,9-1-10 до 15,503,0
9,1,15 до 20,9-1-15 до 20,608,0
9,1,20 до 30,9-1-20 до 30,809,0
9,1,30 до 50,9-1-30 до 50,1152,0
9,1,50 до 80,9-1-50 до 80,2083,0
9,1,80 до 100,9-1-80 до 100,2569,0
9,1,100 до 120,9-1-100 до 120,2938,0
9,1,от 120,9-1-от 120,2938,18
10,1,0 до 1,10-1-0 до 1,315,0
10,1,1 до 3,10-1-1 до 3,419,0
10,1,3 до 5,10-1-3 до 5,431,0
10,1,5 до 10,10-1-5 до 10,499,0
10,1,10 до 15,10-1-10 до 15,518,0
10,1,15 до 20,10-1-15 до 20,662,0
10,1,20 до 30,10-1-20 до 30,891,0
10,1,30 до 50,10-1-30 до 50,2194,0
10,1,50 до 80,10-1-50 до 80,3316,0
10,1,80 до 100,10-1-80 до 100,4243,0
10,1,100 до 120,10-1-100 до 120,4865,0
10,1,от 120,10-1-от 120,4865,36
9,2,0 до 1,9-2-0 до 1,296,0
9,2,1 до 3,9-2-1 до 3,368,0
9,2,3 до 5,9-2-3 до 5,382,0
9,2,5 до 10,9-2-5 до 10,448,0
9,2,10 до 15,9-2-10 до 15,503,0
9,2,15 до 20,9-2-15 до 20,608,0
9,2,20 до 30,9-2-20 до 30,809,0
9,2,30 до 50,9-2-30 до 50,1152,0
9,2,50 до 80,9-2-50 до 80,2083,0
9,2,80 до 100,9-2-80 до 100,2569,0
9,2,100 до 120,9-2-100 до 120,2938,0
9,2,от 120,9-2-от 120,2938,18
10,2,0 до 1,10-2-0 до 1,319,0
10,2,1 до 3,10-2-1 до 3,422,0
10,2,3 до 5,10-2-3 до 5,440,0
10,2,5 до 10,10-2-5 до 10,511,0
10,2,10 до 15,10-2-10 до 15,536,0
10,2,15 до 20,10-2-15 до 20,684,0
10,2,20 до 30,10-2-20 до 30,925,0
10,2,30 до 50,10-2-30 до 50,2194,0
10,2,50 до 80,10-2-50 до 80,3316,0
10,2,80 до 100,10-2-80 до 100,4243,0
10,2,100 до 120,10-2-100 до 120,4865,0
10,2,от 120,10-2-от 120,4865,36
9,3,0 до 1,9-3-0 до 1,296,0
9,3,1 до 3,9-3-1 до 3,368,0
9,3,3 до 5,9-3-3 до 5,382,0
9,3,5 до 10,9-3-5 до 10,448,0
9,3,10 до 15,9-3-10 до 15,503,0
9,3,15 до 20,9-3-15 до 20,608,0
9,3,20 до 30,9-3-20 до 30,809,0
9,3,30 до 50,9-3-30 до 50,1152,0
9,3,50 до 80,9-3-50 до 80,2083,0
9,3,80 до 100,9-3-80 до 100,2569,0
9,3,100 до 120,9-3-100 до 120,2938,0
9,3,от 120,9-3-от 120,2938,18
10,3,0 до 1,10-3-0 до 1,279,0
10,3,1 до 3,10-3-1 до 3,391,0
10,3,3 до 5,10-3-3 до 5,409,0
10,3,5 до 10,10-3-5 до 10,493,0
10,3,10 до 15,10-3-10 до 15,518,0
10,3,15 до 20,10-3-15 до 20,656,0
10,3,20 до 30,10-3-20 до 30,905,0
10,3,30 до 50,10-3-30 до 50,2223,0
10,3,50 до 80,10-3-50 до 80,3437,0
10,3,80 до 100,10-3-80 до 100,4307,0
10,3,100 до 120,10-3-100 до 120,5027,0
10,3,от 120,10-3-от 120,5027,36
9,4,0 до 1,9-4-0 до 1,257,0
9,4,1 до 3,9-4-1 до 3,319,0
9,4,3 до 5,9-4-3 до 5,364,0
9,4,5 до 10,9-4-5 до 10,521,0
9,4,10 до 15,9-4-10 до 15,620,0
9,4,15 до 20,9-4-15 до 20,718,0
9,4,20 до 30,9-4-20 до 30,913,0
9,4,30 до 50,9-4-30 до 50,1385,0
9,4,50 до 80,9-4-50 до 80,3049,0
9,4,80 до 100,9-4-80 до 100,3715,0
9,4,100 до 120,9-4-100 до 120,4198,0
9,4,от 120,9-4-от 120,4198,27
10,4,0 до 1,10-4-0 до 1,279,0
10,4,1 до 3,10-4-1 до 3,391,0
10,4,3 до 5,10-4-3 до 5,409,0
10,4,5 до 10,10-4-5 до 10,493,0
10,4,10 до 15,10-4-10 до 15,518,0
10,4,15 до 20,10-4-15 до 20,656,0
10,4,20 до 30,10-4-20 до 30,905,0
10,4,30 до 50,10-4-30 до 50,2223,0
10,4,50 до 80,10-4-50 до 80,3437,0
10,4,80 до 100,10-4-80 до 100,4307,0
10,4,100 до 120,10-4-100 до 120,5027,0
10,4,от 120,10-4-от 120,5027,36
9,5,0 до 1,9-5-0 до 1,257,0
9,5,1 до 3,9-5-1 до 3,319,0
9,5,3 до 5,9-5-3 до 5,364,0
9,5,5 до 10,9-5-5 до 10,521,0
9,5,10 до 15,9-5-10 до 15,620,0
9,5,15 до 20,9-5-15 до 20,718,0
9,5,20 до 30,9-5-20 до 30,913,0
9,5,30 до 50,9-5-30 до 50,1385,0
9,5,50 до 80,9-5-50 до 80,3049,0
9,5,80 до 100,9-5-80 до 100,3715,0
9,5,100 до 120,9-5-100 до 120,4198,0
9,5,от 120,9-5-от 120,4198,27
10,5,0 до 1,10-5-0 до 1,284,0
10,5,1 до 3,10-5-1 до 3,395,0
10,5,3 до 5,10-5-3 до 5,427,0
10,5,5 до 10,10-5-5 до 10,517,0
10,5,10 до 15,10-5-10 до 15,545,0
10,5,15 до 20,10-5-15 до 20,689,0
10,5,20 до 30,10-5-20 до 30,945,0
10,5,30 до 50,10-5-30 до 50,2223,0
10,5,50 до 80,10-5-50 до 80,3437,0
10,5,80 до 100,10-5-80 до 100,4307,0
10,5,100 до 120,10-5-100 до 120,5027,0
10,5,от 120,10-5-от 120,5027,36
9,6,0 до 1,9-6-0 до 1,296,0
9,6,1 до 3,9-6-1 до 3,368,0
9,6,3 до 5,9-6-3 до 5,382,0
9,6,5 до 10,9-6-5 до 10,448,0
9,6,10 до 15,9-6-10 до 15,503,0
9,6,15 до 20,9-6-15 до 20,608,0
9,6,20 до 30,9-6-20 до 30,809,0
9,6,30 до 50,9-6-30 до 50,1152,0
9,6,50 до 80,9-6-50 до 80,2083,0
9,6,80 до 100,9-6-80 до 100,2569,0
9,6,100 до 120,9-6-100 до 120,2938,0
9,6,от 120,9-6-от 120,2938,18
10,6,0 до 1,10-6-0 до 1,322,0
10,6,1 до 3,10-6-1 до 3,428,0
10,6,3 до 5,10-6-3 до 5,457,0
10,6,5 до 10,10-6-5 до 10,535,0
10,6,10 до 15,10-6-10 до 15,563,0
10,6,15 до 20,10-6-15 до 20,718,0
10,6,20 до 30,10-6-20 до 30,968,0
10,6,30 до 50,10-6-30 до 50,2194,0
10,6,50 до 80,10-6-50 до 80,3316,0
10,6,80 до 100,10-6-80 до 100,4243,0
10,6,100 до 120,10-6-100 до 120,4865,0
10,6,от 120,10-6-от 120,4865,36
9,7,0 до 1,9-7-0 до 1,247,0
9,7,1 до 3,9-7-1 до 3,305,0
9,7,3 до 5,9-7-3 до 5,333,0
9,7,5 до 10,9-7-5 до 10,467,0
9,7,10 до 15,9-7-10 до 15,571,0
9,7,15 до 20,9-7-15 до 20,674,0
9,7,20 до 30,9-7-20 до 30,801,0
9,7,30 до 50,9-7-30 до 50,1112,0
9,7,50 до 80,9-7-50 до 80,2012,0
9,7,80 до 100,9-7-80 до 100,2479,0
9,7,100 до 120,9-7-100 до 120,2821,0
9,7,от 120,9-7-от 120,2821,18
10,7,0 до 1,10-7-0 до 1,229,0
10,7,1 до 3,10-7-1 до 3,270,0
10,7,3 до 5,10-7-3 до 5,332,0
10,7,5 до 10,10-7-5 до 10,481,0
10,7,10 до 15,10-7-10 до 15,572,0
10,7,15 до 20,10-7-15 до 20,657,0
10,7,20 до 30,10-7-20 до 30,836,0
10,7,30 до 50,10-7-30 до 50,1385,0
10,7,50 до 80,10-7-50 до 80,3049,0
10,7,80 до 100,10-7-80 до 100,3715,0
10,7,100 до 120,10-7-100 до 120,4198,0
10,7,от 120,10-7-от 120,4198,27
9,8,0 до 1,9-8-0 до 1,229,0
9,8,1 до 3,9-8-1 до 3,270,0
9,8,3 до 5,9-8-3 до 5,332,0
9,8,5 до 10,9-8-5 до 10,481,0
9,8,10 до 15,9-8-10 до 15,572,0
9,8,15 до 20,9-8-15 до 20,657,0
9,8,20 до 30,9-8-20 до 30,836,0
9,8,30 до 50,9-8-30 до 50,1385,0
9,8,50 до 80,9-8-50 до 80,3049,0
9,8,80 до 100,9-8-80 до 100,3715,0
9,8,100 до 120,9-8-100 до 120,4198,0
9,8,от 120,9-8-от 120,4198,27
10,8,0 до 1,10-8-0 до 1,304,0
10,8,1 до 3,10-8-1 до 3,403,0
10,8,3 до 5,10-8-3 до 5,431,0
10,8,5 до 10,10-8-5 до 10,538,0
10,8,10 до 15,10-8-10 до 15,583,0
10,8,15 до 20,10-8-15 до 20,743,0
10,8,20 до 30,10-8-20 до 30,1033,0
10,8,30 до 50,10-8-30 до 50,2223,0
10,8,50 до 80,10-8-50 до 80,3437,0
10,8,80 до 100,10-8-80 до 100,4307,0
10,8,100 до 120,10-8-100 до 120,5027,0
10,8,от 120,10-8-от 120,5027,36
9,9,0 до 1,9-9-0 до 1,243,0
9,9,1 до 3,9-9-1 до 3,310,0
9,9,3 до 5,9-9-3 до 5,324,0
9,9,5 до 10,9-9-5 до 10,365,0
9,9,10 до 15,9-9-10 до 15,391,0
9,9,15 до 20,9-9-15 до 20,464,0
9,9,20 до 30,9-9-20 до 30,607,0
9,9,30 до 50,9-9-30 до 50,1152,0
9,9,50 до 80,9-9-50 до 80,2083,0
9,9,80 до 100,9-9-80 до 100,2569,0
9,9,100 до 120,9-9-100 до 120,2938,0
9,9,от 120,9-9-от 120,2938,18
10,9,0 до 1,10-9-0 до 1,257,0
10,9,1 до 3,10-9-1 до 3,319,0
10,9,3 до 5,10-9-3 до 5,364,0
10,9,5 до 10,10-9-5 до 10,521,0
10,9,10 до 15,10-9-10 до 15,620,0
10,9,15 до 20,10-9-15 до 20,718,0
10,9,20 до 30,10-9-20 до 30,913,0
10,9,30 до 50,10-9-30 до 50,1385,0
10,9,50 до 80,10-9-50 до 80,3049,0
10,9,80 до 100,10-9-80 до 100,3715,0
10,9,100 до 120,10-9-100 до 120,4198,0
10,9,от 120,10-9-от 120,4198,27
9,10,0 до 1,9-10-0 до 1,319,0
9,10,1 до 3,9-10-1 до 3,422,0
9,10,3 до 5,9-10-3 до 5,440,0
9,10,5 до 10,9-10-5 до 10,511,0
9,10,10 до 15,9-10-10 до 15,536,0
9,10,15 до 20,9-10-15 до 20,684,0
9,10,20 до 30,9-10-20 до 30,925,0
9,10,30 до 50,9-10-30 до 50,2194,0
9,10,50 до 80,9-10-50 до 80,3316,0
9,10,80 до 100,9-10-80 до 100,4243,0
9,10,100 до 120,9-10-100 до 120,4865,0
9,10,от 120,9-10-от 120,4865,36
10,10,0 до 1,10-10-0 до 1,319,0
10,10,1 до 3,10-10-1 до 3,422,0
10,10,3 до 5,10-10-3 до 5,440,0
10,10,5 до 10,10-10-5 до 10,511,0
10,10,10 до 15,10-10-10 до 15,536,0
10,10,15 до 20,10-10-15 до 20,684,0
10,10,20 до 30,10-10-20 до 30,925,0
10,10,30 до 50,10-10-30 до 50,2194,0
10,10,50 до 80,10-10-50 до 80,3316,0
10,10,80 до 100,10-10-80 до 100,4243,0
10,10,100 до 120,10-10-100 до 120,4865,0
10,10,от 120,10-10-от 120,4865,36
Москва и МО,9,0 до 1,Москва и МО-9-0 до 1,257,0
Москва и МО,9,1 до 3,Москва и МО-9-1 до 3,320,0
Москва и МО,9,3 до 5,Москва и МО-9-3 до 5,365,0
Москва и МО,9,5 до 10,Москва и МО-9-5 до 10,522,0
Москва и МО,9,10 до 15,Москва и МО-9-10 до 15,621,0
Москва и МО,9,15 до 20,Москва и МО-9-15 до 20,719,0
Москва и МО,9,20 до 30,Москва и МО-9-20 до 30,914,0
Москва и МО,9,30 до 50,Москва и МО-9-30 до 50,1390,0
Москва и МО,9,50 до 80,Москва и МО-9-50 до 80,3055,0
Москва и МО,9,80 до 100,Москва и МО-9-80 до 100,3722,0
Москва и МО,9,100 до 120,Москва и МО-9-100 до 120,4207,0
Москва и МО,9,от 120,Москва и МО-9-от 120,4207,27
СПБ и ЛО,9,0 до 1,СПБ и ЛО-9-0 до 1,257,0
СПБ и ЛО,9,1 до 3,СПБ и ЛО-9-1 до 3,320,0
СПБ и ЛО,9,3 до 5,СПБ и ЛО-9-3 до 5,365,0
СПБ и ЛО,9,5 до 10,СПБ и ЛО-9-5 до 10,522,0
СПБ и ЛО,9,10 до 15,СПБ и ЛО-9-10 до 15,621,0
СПБ и ЛО,9,15 до 20,СПБ и ЛО-9-15 до 20,719,0
СПБ и ЛО,9,20 до 30,СПБ и ЛО-9-20 до 30,914,0
СПБ и ЛО,9,30 до 50,СПБ и ЛО-9-30 до 50,1390,0
СПБ и ЛО,9,50 до 80,СПБ и ЛО-9-50 до 80,3055,0
СПБ и ЛО,9,80 до 100,СПБ и ЛО-9-80 до 100,3722,0
СПБ и ЛО,9,100 до 120,СПБ и ЛО-9-100 до 120,4207,0
СПБ и ЛО,9,от 120,СПБ и ЛО-9-от 120,4207,27
1,9,0 до 1,1-9-0 до 1,216,0
1,9,1 до 3,1-9-1 до 3,269,0
1,9,3 до 5,1-9-3 до 5,306,0
1,9,5 до 10,1-9-5 до 10,440,0
1,9,10 до 15,1-9-10 до 15,526,0
1,9,15 до 20,1-9-15 до 20,607,0
1,9,20 до 30,1-9-20 до 30,770,0
1,9,30 до 50,1-9-30 до 50,1169,0
1,9,50 до 80,1-9-50 до 80,2572,0
1,9,80 до 100,1-9-80 до 100,3136,0
1,9,100 до 120,1-9-100 до 120,3542,0
1,9,от 120,1-9-от 120,3542,18
2,9,0 до 1,2-9-0 до 1,257,0
2,9,1 до 3,2-9-1 до 3,320,0
2,9,3 до 5,2-9-3 до 5,365,0
2,9,5 до 10,2-9-5 до 10,522,0
2,9,10 до 15,2-9-10 до 15,621,0
2,9,15 до 20,2-9-15 до 20,719,0
2,9,20 до 30,2-9-20 до 30,914,0
2,9,30 до 50,2-9-30 до 50,1390,0
2,9,50 до 80,2-9-50 до 80,3055,0
2,9,80 до 100,2-9-80 до 100,3722,0
2,9,100 до 120,2-9-100 до 120,4207,0
2,9,от 120,2-9-от 120,4207,27
3,9,0 до 1,3-9-0 до 1,257,0
3,9,1 до 3,3-9-1 до 3,320,0
3,9,3 до 5,3-9-3 до 5,365,0
3,9,5 до 10,3-9-5 до 10,522,0
3,9,10 до 15,3-9-10 до 15,621,0
3,9,15 до 20,3-9-15 до 20,719,0
3,9,20 до 30,3-9-20 до 30,914,0
3,9,30 до 50,3-9-30 до 50,1390,0
3,9,50 до 80,3-9-50 до 80,3055,0
3,9,80 до 100,3-9-80 до 100,3722,0
3,9,100 до 120,3-9-100 до 120,4207,0
3,9,от 120,3-9-от 120,4207,27
4,9,0 до 1,4-9-0 до 1,257,0
4,9,1 до 3,4-9-1 до 3,319,0
4,9,3 до 5,4-9-3 до 5,364,0
4,9,5 до 10,4-9-5 до 10,521,0
4,9,10 до 15,4-9-10 до 15,620,0
4,9,15 до 20,4-9-15 до 20,718,0
4,9,20 до 30,4-9-20 до 30,913,0
4,9,30 до 50,4-9-30 до 50,1385,0
4,9,50 до 80,4-9-50 до 80,3049,0
4,9,80 до 100,4-9-80 до 100,3715,0
4,9,100 до 120,4-9-100 до 120,4198,0
4,9,от 120,4-9-от 120,4198,27
5,9,0 до 1,5-9-0 до 1,368,0
5,9,1 до 3,5-9-1 до 3,482,0
5,9,3 до 5,5-9-3 до 5,494,0
5,9,5 до 10,5-9-5 до 10,594,0
5,9,10 до 15,5-9-10 до 15,652,0
5,9,15 до 20,5-9-15 до 20,828,0
5,9,20 до 30,5-9-20 до 30,1130,0
5,9,30 до 50,5-9-30 до 50,2194,0
5,9,50 до 80,5-9-50 до 80,3316,0
5,9,80 до 100,5-9-80 до 100,4243,0
5,9,100 до 120,5-9-100 до 120,4865,0
5,9,от 120,5-9-от 120,4865,36
6,9,0 до 1,6-9-0 до 1,296,0
6,9,1 до 3,6-9-1 до 3,368,0
6,9,3 до 5,6-9-3 до 5,382,0
6,9,5 до 10,6-9-5 до 10,449,0
6,9,10 до 15,6-9-10 до 15,503,0
6,9,15 до 20,6-9-15 до 20,610,0
6,9,20 до 30,6-9-20 до 30,810,0
6,9,30 до 50,6-9-30 до 50,1156,0
6,9,50 до 80,6-9-50 до 80,2086,0
6,9,80 до 100,6-9-80 до 100,2573,0
6,9,100 до 120,6-9-100 до 120,2942,0
6,9,от 120,6-9-от 120,2942,18
7,9,0 до 1,7-9-0 до 1,220,0
7,9,1 до 3,7-9-1 до 3,259,0
7,9,3 до 5,7-9-3 до 5,305,0
7,9,5 до 10,7-9-5 до 10,428,0
7,9,10 до 15,7-9-10 до 15,521,0
7,9,15 до 20,7-9-15 до 20,617,0
7,9,20 до 30,7-9-20 до 30,727,0
7,9,30 до 50,7-9-30 до 50,1114,0
7,9,50 до 80,7-9-50 до 80,2016,0
7,9,80 до 100,7-9-80 до 100,2483,0
7,9,100 до 120,7-9-100 до 120,2825,0
7,9,от 120,7-9-от 120,2825,18
8,9,0 до 1,8-9-0 до 1,229,0
8,9,1 до 3,8-9-1 до 3,270,0
8,9,3 до 5,8-9-3 до 5,332,0
8,9,5 до 10,8-9-5 до 10,481,0
8,9,10 до 15,8-9-10 до 15,572,0
8,9,15 до 20,8-9-15 до 20,657,0
8,9,20 до 30,8-9-20 до 30,836,0
8,9,30 до 50,8-9-30 до 50,1385,0
8,9,50 до 80,8-9-50 до 80,3049,0
8,9,80 до 100,8-9-80 до 100,3715,0
8,9,100 до 120,8-9-100 до 120,4198,0
8,9,от 120,8-9-от 120,4198,27
Москва и МО,10,0 до 1,Москва и МО-10-0 до 1,502,0
Москва и МО,10,1 до 3,Москва и МО-10-1 до 3,635,0
Москва и МО,10,3 до 5,Москва и МО-10-3 до 5,819,0
Москва и МО,10,5 до 10,Москва и МО-10-5 до 10,1250,0
Москва и МО,10,10 до 15,Москва и МО-10-10 до 15,1636,0
Москва и МО,10,15 до 20,Москва и МО-10-15 до 20,2113,0
Москва и МО,10,20 до 30,Москва и МО-10-20 до 30,3006,0
Москва и МО,10,30 до 50,Москва и МО-10-30 до 50,2194,0
Москва и МО,10,50 до 80,Москва и МО-10-50 до 80,3316,0
Москва и МО,10,80 до 100,Москва и МО-10-80 до 100,4243,0
Москва и МО,10,100 до 120,Москва и МО-10-100 до 120,4865,0
Москва и МО,10,от 120,Москва и МО-10-от 120,4865,36
СПБ и ЛО,10,0 до 1,СПБ и ЛО-10-0 до 1,502,0
СПБ и ЛО,10,1 до 3,СПБ и ЛО-10-1 до 3,635,0
СПБ и ЛО,10,3 до 5,СПБ и ЛО-10-3 до 5,819,0
СПБ и ЛО,10,5 до 10,СПБ и ЛО-10-5 до 10,1250,0
СПБ и ЛО,10,10 до 15,СПБ и ЛО-10-10 до 15,1636,0
СПБ и ЛО,10,15 до 20,СПБ и ЛО-10-15 до 20,2113,0
СПБ и ЛО,10,20 до 30,СПБ и ЛО-10-20 до 30,3006,0
СПБ и ЛО,10,30 до 50,СПБ и ЛО-10-30 до 50,2194,0
СПБ и ЛО,10,50 до 80,СПБ и ЛО-10-50 до 80,3316,0
СПБ и ЛО,10,80 до 100,СПБ и ЛО-10-80 до 100,4243,0
СПБ и ЛО,10,100 до 120,СПБ и ЛО-10-100 до 120,4865,0
СПБ и ЛО,10,от 120,СПБ и ЛО-10-от 120,4865,36
1,10,0 до 1,1-10-0 до 1,502,0
1,10,1 до 3,1-10-1 до 3,635,0
1,10,3 до 5,1-10-3 до 5,819,0
1,10,5 до 10,1-10-5 до 10,1250,0
1,10,10 до 15,1-10-10 до 15,1636,0
1,10,15 до 20,1-10-15 до 20,2113,0
1,10,20 до 30,1-10-20 до 30,3006,0
1,10,30 до 50,1-10-30 до 50,2194,0
1,10,50 до 80,1-10-50 до 80,3316,0
1,10,80 до 100,1-10-80 до 100,4243,0
1,10,100 до 120,1-10-100 до 120,4865,0
1,10,от 120,1-10-от 120,4865,36
2,10,0 до 1,2-10-0 до 1,502,0
2,10,1 до 3,2-10-1 до 3,635,0
2,10,3 до 5,2-10-3 до 5,819,0
2,10,5 до 10,2-10-5 до 10,1250,0
2,10,10 до 15,2-10-10 до 15,1636,0
2,10,15 до 20,2-10-15 до 20,2113,0
2,10,20 до 30,2-10-20 до 30,3006,0
2,10,30 до 50,2-10-30 до 50,2194,0
2,10,50 до 80,2-10-50 до 80,3316,0
2,10,80 до 100,2-10-80 до 100,4243,0
2,10,100 до 120,2-10-100 до 120,4865,0
2,10,от 120,2-10-от 120,4865,36
3,10,0 до 1,3-10-0 до 1,502,0
3,10,1 до 3,3-10-1 до 3,635,0
3,10,3 до 5,3-10-3 до 5,819,0
3,10,5 до 10,3-10-5 до 10,1250,0
3,10,10 до 15,3-10-10 до 15,1636,0
3,10,15 до 20,3-10-15 до 20,2113,0
3,10,20 до 30,3-10-20 до 30,3006,0
3,10,30 до 50,3-10-30 до 50,2194,0
3,10,50 до 80,3-10-50 до 80,3316,0
3,10,80 до 100,3-10-80 до 100,4243,0
3,10,100 до 120,3-10-100 до 120,4865,0
3,10,от 120,3-10-от 120,4865,36
4,10,0 до 1,4-10-0 до 1,502,0
4,10,1 до 3,4-10-1 до 3,635,0
4,10,3 до 5,4-10-3 до 5,819,0
4,10,5 до 10,4-10-5 до 10,1250,0
4,10,10 до 15,4-10-10 до 15,1636,0
4,10,15 до 20,4-10-15 до 20,2113,0
4,10,20 до 30,4-10-20 до 30,3006,0
4,10,30 до 50,4-10-30 до 50,2194,0
4,10,50 до 80,4-10-50 до 80,3316,0
4,10,80 до 100,4-10-80 до 100,4243,0
4,10,100 до 120,4-10-100 до 120,4865,0
4,10,от 120,4-10-от 120,4865,36
5,10,0 до 1,5-10-0 до 1,502,0
5,10,1 до 3,5-10-1 до 3,635,0
5,10,3 до 5,5-10-3 до 5,819,0
5,10,5 до 10,5-10-5 до 10,1250,0
5,10,10 до 15,5-10-10 до 15,1636,0
5,10,15 до 20,5-10-15 до 20,2113,0
5,10,20 до 30,5-10-20 до 30,3006,0
5,10,30 до 50,5-10-30 до 50,2194,0
5,10,50 до 80,5-10-50 до 80,3316,0
5,10,80 до 100,5-10-80 до 100,4243,0
5,10,100 до 120,5-10-100 до 120,4865,0
5,10,от 120,5-10-от 120,4865,36
6,10,0 до 1,6-10-0 до 1,368,0
6,10,1 до 3,6-10-1 до 3,482,0
6,10,3 до 5,6-10-3 до 5,494,0
6,10,5 до 10,6-10-5 до 10,594,0
6,10,10 до 15,6-10-10 до 15,652,0
6,10,15 до 20,6-10-15 до 20,828,0
6,10,20 до 30,6-10-20 до 30,1130,0
6,10,30 до 50,6-10-30 до 50,2194,0
6,10,50 до 80,6-10-50 до 80,3316,0
6,10,80 до 100,6-10-80 до 100,4243,0
6,10,100 до 120,6-10-100 до 120,4865,0
6,10,от 120,6-10-от 120,4865,36
7,10,0 до 1,7-10-0 до 1,368,0
7,10,1 до 3,7-10-1 до 3,482,0
7,10,3 до 5,7-10-3 до 5,494,0
7,10,5 до 10,7-10-5 до 10,594,0
7,10,10 до 15,7-10-10 до 15,652,0
7,10,15 до 20,7-10-15 до 20,828,0
7,10,20 до 30,7-10-20 до 30,1130,0
7,10,30 до 50,7-10-30 до 50,2194,0
7,10,50 до 80,7-10-50 до 80,3316,0
7,10,80 до 100,7-10-80 до 100,4243,0
7,10,100 до 120,7-10-100 до 120,4865,0
7,10,от 120,7-10-от 120,4865,36
8,10,0 до 1,8-10-0 до 1,332,0
8,10,1 до 3,8-10-1 до 3,449,0
8,10,3 до 5,8-10-3 до 5,463,0
8,10,5 до 10,8-10-5 до 10,576,0
8,10,10 до 15,8-10-10 до 15,634,0
8,10,15 до 20,8-10-15 до 20,800,0
8,10,20 до 30,8-10-20 до 30,1107,0
8,10,30 до 50,8-10-30 до 50,2223,0
8,10,50 до 80,8-10-50 до 80,3437,0
8,10,80 до 100,8-10-80 до 100,4307,0
8,10,100 до 120,8-10-100 до 120,5027,0
8,10,от 120,8-10-от 120,5027,36
Москва и МО,Москва и МО,0 до 1,Москва и МО-Москва и МО-0 до 1,143,0
Москва и МО,Москва и МО,1 до 3,Москва и МО-Москва и МО-1 до 3,150,0
Москва и МО,Москва и МО,3 до 5,Москва и МО-Москва и МО-3 до 5,157,0
Москва и МО,Москва и МО,5 до 10,Москва и МО-Москва и МО-5 до 10,201,0
Москва и МО,Москва и МО,10 до 15,Москва и МО-Москва и МО-10 до 15,218,0
Москва и МО,Москва и МО,15 до 20,Москва и МО-Москва и МО-15 до 20,253,0
Москва и МО,Москва и МО,20 до 30,Москва и МО-Москва и МО-20 до 30,311,0
Москва и МО,Москва и МО,30 до 50,Москва и МО-Москва и МО-30 до 50,524,0
Москва и МО,Москва и МО,50 до 80,Москва и МО-Москва и МО-50 до 80,593,0
Москва и МО,Москва и МО,80 до 100,Москва и МО-Москва и МО-80 до 100,615,0
Москва и МО,Москва и МО,100 до 120,Москва и МО-Москва и МО-100 до 120,682,0
Москва и МО,Москва и МО,от 120,Москва и МО-Москва и МО-от 120,682,6
СПБ и ЛО,Москва и МО,0 до 1,СПБ и ЛО-Москва и МО-0 до 1,146,0
СПБ и ЛО,Москва и МО,1 до 3,СПБ и ЛО-Москва и МО-1 до 3,163,0
СПБ и ЛО,Москва и МО,3 до 5,СПБ и ЛО-Москва и МО-3 до 5,179,0
СПБ и ЛО,Москва и МО,5 до 10,СПБ и ЛО-Москва и МО-5 до 10,233,0
СПБ и ЛО,Москва и МО,10 до 15,СПБ и ЛО-Москва и МО-10 до 15,270,0
СПБ и ЛО,Москва и МО,15 до 20,СПБ и ЛО-Москва и МО-15 до 20,311,0
СПБ и ЛО,Москва и МО,20 до 30,СПБ и ЛО-Москва и МО-20 до 30,353,0
СПБ и ЛО,Москва и МО,30 до 50,СПБ и ЛО-Москва и МО-30 до 50,486,0
СПБ и ЛО,Москва и МО,50 до 80,СПБ и ЛО-Москва и МО-50 до 80,627,0
СПБ и ЛО,Москва и МО,80 до 100,СПБ и ЛО-Москва и МО-80 до 100,728,0
СПБ и ЛО,Москва и МО,100 до 120,СПБ и ЛО-Москва и МО-100 до 120,836,0
СПБ и ЛО,Москва и МО,от 120,СПБ и ЛО-Москва и МО-от 120,836,9
1,Москва и МО,0 до 1,1-Москва и МО-0 до 1,141,0
1,Москва и МО,1 до 3,1-Москва и МО-1 до 3,173,0
1,Москва и МО,3 до 5,1-Москва и МО-3 до 5,198,0
1,Москва и МО,5 до 10,1-Москва и МО-5 до 10,228,0
1,Москва и МО,10 до 15,1-Москва и МО-10 до 15,261,0
1,Москва и МО,15 до 20,1-Москва и МО-15 до 20,285,0
1,Москва и МО,20 до 30,1-Москва и МО-20 до 30,342,0
1,Москва и МО,30 до 50,1-Москва и МО-30 до 50,552,0
1,Москва и МО,50 до 80,1-Москва и МО-50 до 80,888,0
1,Москва и МО,80 до 100,1-Москва и МО-80 до 100,1101,0
1,Москва и МО,100 до 120,1-Москва и МО-100 до 120,1257,0
1,Москва и МО,от 120,1-Москва и МО-от 120,1257,9
2,Москва и МО,0 до 1,2-Москва и МО-0 до 1,142,0
2,Москва и МО,1 до 3,2-Москва и МО-1 до 3,177,0
2,Москва и МО,3 до 5,2-Москва и МО-3 до 5,206,0
2,Москва и МО,5 до 10,2-Москва и МО-5 до 10,239,0
2,Москва и МО,10 до 15,2-Москва и МО-10 до 15,276,0
2,Москва и МО,15 до 20,2-Москва и МО-15 до 20,306,0
2,Москва и МО,20 до 30,2-Москва и МО-20 до 30,368,0
2,Москва и МО,30 до 50,2-Москва и МО-30 до 50,552,0
2,Москва и МО,50 до 80,2-Москва и МО-50 до 80,888,0
2,Москва и МО,80 до 100,2-Москва и МО-80 до 100,1101,0
2,Москва и МО,100 до 120,2-Москва и МО-100 до 120,1257,0
2,Москва и МО,от 120,2-Москва и МО-от 120,1257,9
3,Москва и МО,0 до 1,3-Москва и МО-0 до 1,142,0
3,Москва и МО,1 до 3,3-Москва и МО-1 до 3,177,0
3,Москва и МО,3 до 5,3-Москва и МО-3 до 5,206,0
3,Москва и МО,5 до 10,3-Москва и МО-5 до 10,239,0
3,Москва и МО,10 до 15,3-Москва и МО-10 до 15,276,0
3,Москва и МО,15 до 20,3-Москва и МО-15 до 20,306,0
3,Москва и МО,20 до 30,3-Москва и МО-20 до 30,368,0
3,Москва и МО,30 до 50,3-Москва и МО-30 до 50,552,0
3,Москва и МО,50 до 80,3-Москва и МО-50 до 80,888,0
3,Москва и МО,80 до 100,3-Москва и МО-80 до 100,1101,0
3,Москва и МО,100 до 120,3-Москва и МО-100 до 120,1257,0
3,Москва и МО,от 120,3-Москва и МО-от 120,1257,9
4,Москва и МО,0 до 1,4-Москва и МО-0 до 1,142,0
4,Москва и МО,1 до 3,4-Москва и МО-1 до 3,177,0
4,Москва и МО,3 до 5,4-Москва и МО-3 до 5,206,0
4,Москва и МО,5 до 10,4-Москва и МО-5 до 10,239,0
4,Москва и МО,10 до 15,4-Москва и МО-10 до 15,276,0
4,Москва и МО,15 до 20,4-Москва и МО-15 до 20,306,0
4,Москва и МО,20 до 30,4-Москва и МО-20 до 30,368,0
4,Москва и МО,30 до 50,4-Москва и МО-30 до 50,552,0
4,Москва и МО,50 до 80,4-Москва и МО-50 до 80,888,0
4,Москва и МО,80 до 100,4-Москва и МО-80 до 100,1101,0
4,Москва и МО,100 до 120,4-Москва и МО-100 до 120,1257,0
4,Москва и МО,от 120,4-Москва и МО-от 120,1257,9
5,Москва и МО,0 до 1,5-Москва и МО-0 до 1,143,0
5,Москва и МО,1 до 3,5-Москва и МО-1 до 3,179,0
5,Москва и МО,3 до 5,5-Москва и МО-3 до 5,218,0
5,Москва и МО,5 до 10,5-Москва и МО-5 до 10,258,0
5,Москва и МО,10 до 15,5-Москва и МО-10 до 15,298,0
5,Москва и МО,15 до 20,5-Москва и МО-15 до 20,330,0
5,Москва и МО,20 до 30,5-Москва и МО-20 до 30,404,0
5,Москва и МО,30 до 50,5-Москва и МО-30 до 50,551,0
5,Москва и МО,50 до 80,5-Москва и МО-50 до 80,885,0
5,Москва и МО,80 до 100,5-Москва и МО-80 до 100,1098,0
5,Москва и МО,100 до 120,5-Москва и МО-100 до 120,1253,0
5,Москва и МО,от 120,5-Москва и МО-от 120,1253,9
6,Москва и МО,0 до 1,6-Москва и МО-0 до 1,143,0
6,Москва и МО,1 до 3,6-Москва и МО-1 до 3,179,0
6,Москва и МО,3 до 5,6-Москва и МО-3 до 5,218,0
6,Москва и МО,5 до 10,6-Москва и МО-5 до 10,258,0
6,Москва и МО,10 до 15,6-Москва и МО-10 до 15,298,0
6,Москва и МО,15 до 20,6-Москва и МО-15 до 20,333,0
6,Москва и МО,20 до 30,6-Москва и МО-20 до 30,404,0
6,Москва и МО,30 до 50,6-Москва и МО-30 до 50,552,0
6,Москва и МО,50 до 80,6-Москва и МО-50 до 80,888,0
6,Москва и МО,80 до 100,6-Москва и МО-80 до 100,1101,0
6,Москва и МО,100 до 120,6-Москва и МО-100 до 120,1257,0
6,Москва и МО,от 120,6-Москва и МО-от 120,1257,9
7,Москва и МО,0 до 1,7-Москва и МО-0 до 1,168,0
7,Москва и МО,1 до 3,7-Москва и МО-1 до 3,193,0
7,Москва и МО,3 до 5,7-Москва и МО-3 до 5,236,0
7,Москва и МО,5 до 10,7-Москва и МО-5 до 10,282,0
7,Москва и МО,10 до 15,7-Москва и МО-10 до 15,342,0
7,Москва и МО,15 до 20,7-Москва и МО-15 до 20,413,0
7,Москва и МО,20 до 30,7-Москва и МО-20 до 30,494,0
7,Москва и МО,30 до 50,7-Москва и МО-30 до 50,713,0
7,Москва и МО,50 до 80,7-Москва и МО-50 до 80,1106,0
7,Москва и МО,80 до 100,7-Москва и МО-80 до 100,1369,0
7,Москва и МО,100 до 120,7-Москва и МО-100 до 120,1574,0
7,Москва и МО,от 120,7-Москва и МО-от 120,1574,12
8,Москва и МО,0 до 1,8-Москва и МО-0 до 1,191,0
8,Москва и МО,1 до 3,8-Москва и МО-1 до 3,232,0
8,Москва и МО,3 до 5,8-Москва и МО-3 до 5,261,0
8,Москва и МО,5 до 10,8-Москва и МО-5 до 10,315,0
8,Москва и МО,10 до 15,8-Москва и МО-10 до 15,382,0
8,Москва и МО,15 до 20,8-Москва и МО-15 до 20,462,0
8,Москва и МО,20 до 30,8-Москва и МО-20 до 30,558,0
8,Москва и МО,30 до 50,8-Москва и МО-30 до 50,712,0
8,Москва и МО,50 до 80,8-Москва и МО-50 до 80,1106,0
8,Москва и МО,80 до 100,8-Москва и МО-80 до 100,1369,0
8,Москва и МО,100 до 120,8-Москва и МО-100 до 120,1574,0
8,Москва и МО,от 120,8-Москва и МО-от 120,1574,12
Москва и МО,СПБ и ЛО,0 до 1,Москва и МО-СПБ и ЛО-0 до 1,139,0
Москва и МО,СПБ и ЛО,1 до 3,Москва и МО-СПБ и ЛО-1 до 3,154,0
Москва и МО,СПБ и ЛО,3 до 5,Москва и МО-СПБ и ЛО-3 до 5,172,0
Москва и МО,СПБ и ЛО,5 до 10,Москва и МО-СПБ и ЛО-5 до 10,216,0
Москва и МО,СПБ и ЛО,10 до 15,Москва и МО-СПБ и ЛО-10 до 15,253,0
Москва и МО,СПБ и ЛО,15 до 20,Москва и МО-СПБ и ЛО-15 до 20,288,0
Москва и МО,СПБ и ЛО,20 до 30,Москва и МО-СПБ и ЛО-20 до 30,343,0
Москва и МО,СПБ и ЛО,30 до 50,Москва и МО-СПБ и ЛО-30 до 50,442,0
Москва и МО,СПБ и ЛО,50 до 80,Москва и МО-СПБ и ЛО-50 до 80,558,0
Москва и МО,СПБ и ЛО,80 до 100,Москва и МО-СПБ и ЛО-80 до 100,660,0
Москва и МО,СПБ и ЛО,100 до 120,Москва и МО-СПБ и ЛО-100 до 120,762,0
Москва и МО,СПБ и ЛО,от 120,Москва и МО-СПБ и ЛО-от 120,762,9
СПБ и ЛО,СПБ и ЛО,0 до 1,СПБ и ЛО-СПБ и ЛО-0 до 1,143,0
СПБ и ЛО,СПБ и ЛО,1 до 3,СПБ и ЛО-СПБ и ЛО-1 до 3,150,0
СПБ и ЛО,СПБ и ЛО,3 до 5,СПБ и ЛО-СПБ и ЛО-3 до 5,157,0
СПБ и ЛО,СПБ и ЛО,5 до 10,СПБ и ЛО-СПБ и ЛО-5 до 10,201,0
СПБ и ЛО,СПБ и ЛО,10 до 15,СПБ и ЛО-СПБ и ЛО-10 до 15,218,0
СПБ и ЛО,СПБ и ЛО,15 до 20,СПБ и ЛО-СПБ и ЛО-15 до 20,253,0
СПБ и ЛО,СПБ и ЛО,20 до 30,СПБ и ЛО-СПБ и ЛО-20 до 30,311,0
СПБ и ЛО,СПБ и ЛО,30 до 50,СПБ и ЛО-СПБ и ЛО-30 до 50,524,0
СПБ и ЛО,СПБ и ЛО,50 до 80,СПБ и ЛО-СПБ и ЛО-50 до 80,593,0
СПБ и ЛО,СПБ и ЛО,80 до 100,СПБ и ЛО-СПБ и ЛО-80 до 100,615,0
СПБ и ЛО,СПБ и ЛО,100 до 120,СПБ и ЛО-СПБ и ЛО-100 до 120,682,0
СПБ и ЛО,СПБ и ЛО,от 120,СПБ и ЛО-СПБ и ЛО-от 120,682,6
1,СПБ и ЛО,0 до 1,1-СПБ и ЛО-0 до 1,141,0
1,СПБ и ЛО,1 до 3,1-СПБ и ЛО-1 до 3,173,0
1,СПБ и ЛО,3 до 5,1-СПБ и ЛО-3 до 5,198,0
1,СПБ и ЛО,5 до 10,1-СПБ и ЛО-5 до 10,228,0
1,СПБ и ЛО,10 до 15,1-СПБ и ЛО-10 до 15,261,0
1,СПБ и ЛО,15 до 20,1-СПБ и ЛО-15 до 20,285,0
1,СПБ и ЛО,20 до 30,1-СПБ и ЛО-20 до 30,342,0
1,СПБ и ЛО,30 до 50,1-СПБ и ЛО-30 до 50,552,0
1,СПБ и ЛО,50 до 80,1-СПБ и ЛО-50 до 80,888,0
1,СПБ и ЛО,80 до 100,1-СПБ и ЛО-80 до 100,1101,0
1,СПБ и ЛО,100 до 120,1-СПБ и ЛО-100 до 120,1257,0
1,СПБ и ЛО,от 120,1-СПБ и ЛО-от 120,1257,9
2,СПБ и ЛО,0 до 1,2-СПБ и ЛО-0 до 1,142,0
2,СПБ и ЛО,1 до 3,2-СПБ и ЛО-1 до 3,177,0
2,СПБ и ЛО,3 до 5,2-СПБ и ЛО-3 до 5,206,0
2,СПБ и ЛО,5 до 10,2-СПБ и ЛО-5 до 10,239,0
2,СПБ и ЛО,10 до 15,2-СПБ и ЛО-10 до 15,276,0
2,СПБ и ЛО,15 до 20,2-СПБ и ЛО-15 до 20,306,0
2,СПБ и ЛО,20 до 30,2-СПБ и ЛО-20 до 30,368,0
2,СПБ и ЛО,30 до 50,2-СПБ и ЛО-30 до 50,552,0
2,СПБ и ЛО,50 до 80,2-СПБ и ЛО-50 до 80,888,0
2,СПБ и ЛО,80 до 100,2-СПБ и ЛО-80 до 100,1101,0
2,СПБ и ЛО,100 до 120,2-СПБ и ЛО-100 до 120,1257,0
2,СПБ и ЛО,от 120,2-СПБ и ЛО-от 120,1257,9
3,СПБ и ЛО,0 до 1,3-СПБ и ЛО-0 до 1,142,0
3,СПБ и ЛО,1 до 3,3-СПБ и ЛО-1 до 3,177,0
3,СПБ и ЛО,3 до 5,3-СПБ и ЛО-3 до 5,206,0
3,СПБ и ЛО,5 до 10,3-СПБ и ЛО-5 до 10,239,0
3,СПБ и ЛО,10 до 15,3-СПБ и ЛО-10 до 15,276,0
3,СПБ и ЛО,15 до 20,3-СПБ и ЛО-15 до 20,306,0
3,СПБ и ЛО,20 до 30,3-СПБ и ЛО-20 до 30,368,0
3,СПБ и ЛО,30 до 50,3-СПБ и ЛО-30 до 50,552,0
3,СПБ и ЛО,50 до 80,3-СПБ и ЛО-50 до 80,888,0
3,СПБ и ЛО,80 до 100,3-СПБ и ЛО-80 до 100,1101,0
3,СПБ и ЛО,100 до 120,3-СПБ и ЛО-100 до 120,1257,0
3,СПБ и ЛО,от 120,3-СПБ и ЛО-от 120,1257,9
4,СПБ и ЛО,0 до 1,4-СПБ и ЛО-0 до 1,142,0
4,СПБ и ЛО,1 до 3,4-СПБ и ЛО-1 до 3,177,0
4,СПБ и ЛО,3 до 5,4-СПБ и ЛО-3 до 5,206,0
4,СПБ и ЛО,5 до 10,4-СПБ и ЛО-5 до 10,239,0
4,СПБ и ЛО,10 до 15,4-СПБ и ЛО-10 до 15,276,0
4,СПБ и ЛО,15 до 20,4-СПБ и ЛО-15 до 20,306,0
4,СПБ и ЛО,20 до 30,4-СПБ и ЛО-20 до 30,368,0
4,СПБ и ЛО,30 до 50,4-СПБ и ЛО-30 до 50,552,0
4,СПБ и ЛО,50 до 80,4-СПБ и ЛО-50 до 80,888,0
4,СПБ и ЛО,80 до 100,4-СПБ и ЛО-80 до 100,1101,0
4,СПБ и ЛО,100 до 120,4-СПБ и ЛО-100 до 120,1257,0
4,СПБ и ЛО,от 120,4-СПБ и ЛО-от 120,1257,9
5,СПБ и ЛО,0 до 1,5-СПБ и ЛО-0 до 1,143,0
5,СПБ и ЛО,1 до 3,5-СПБ и ЛО-1 до 3,179,0
5,СПБ и ЛО,3 до 5,5-СПБ и ЛО-3 до 5,218,0
5,СПБ и ЛО,5 до 10,5-СПБ и ЛО-5 до 10,258,0
5,СПБ и ЛО,10 до 15,5-СПБ и ЛО-10 до 15,298,0
5,СПБ и ЛО,15 до 20,5-СПБ и ЛО-15 до 20,330,0
5,СПБ и ЛО,20 до 30,5-СПБ и ЛО-20 до 30,404,0
5,СПБ и ЛО,30 до 50,5-СПБ и ЛО-30 до 50,551,0
5,СПБ и ЛО,50 до 80,5-СПБ и ЛО-50 до 80,885,0
5,СПБ и ЛО,80 до 100,5-СПБ и ЛО-80 до 100,1098,0
5,СПБ и ЛО,100 до 120,5-СПБ и ЛО-100 до 120,1253,0
5,СПБ и ЛО,от 120,5-СПБ и ЛО-от 120,1253,9
6,СПБ и ЛО,0 до 1,6-СПБ и ЛО-0 до 1,143,0
6,СПБ и ЛО,1 до 3,6-СПБ и ЛО-1 до 3,179,0
6,СПБ и ЛО,3 до 5,6-СПБ и ЛО-3 до 5,218,0
6,СПБ и ЛО,5 до 10,6-СПБ и ЛО-5 до 10,258,0
6,СПБ и ЛО,10 до 15,6-СПБ и ЛО-10 до 15,298,0
6,СПБ и ЛО,15 до 20,6-СПБ и ЛО-15 до 20,333,0
6,СПБ и ЛО,20 до 30,6-СПБ и ЛО-20 до 30,404,0
6,СПБ и ЛО,30 до 50,6-СПБ и ЛО-30 до 50,552,0
6,СПБ и ЛО,50 до 80,6-СПБ и ЛО-50 до 80,888,0
6,СПБ и ЛО,80 до 100,6-СПБ и ЛО-80 до 100,1101,0
6,СПБ и ЛО,100 до 120,6-СПБ и ЛО-100 до 120,1257,0
6,СПБ и ЛО,от 120,6-СПБ и ЛО-от 120,1257,9
7,СПБ и ЛО,0 до 1,7-СПБ и ЛО-0 до 1,168,0
7,СПБ и ЛО,1 до 3,7-СПБ и ЛО-1 до 3,193,0
7,СПБ и ЛО,3 до 5,7-СПБ и ЛО-3 до 5,236,0
7,СПБ и ЛО,5 до 10,7-СПБ и ЛО-5 до 10,282,0
7,СПБ и ЛО,10 до 15,7-СПБ и ЛО-10 до 15,342,0
7,СПБ и ЛО,15 до 20,7-СПБ и ЛО-15 до 20,413,0
7,СПБ и ЛО,20 до 30,7-СПБ и ЛО-20 до 30,494,0
7,СПБ и ЛО,30 до 50,7-СПБ и ЛО-30 до 50,713,0
7,СПБ и ЛО,50 до 80,7-СПБ и ЛО-50 до 80,1102,0
7,СПБ и ЛО,80 до 100,7-СПБ и ЛО-80 до 100,1369,0
7,СПБ и ЛО,100 до 120,7-СПБ и ЛО-100 до 120,1574,0
7,СПБ и ЛО,от 120,7-СПБ и ЛО-от 120,1574,12
8,СПБ и ЛО,0 до 1,8-СПБ и ЛО-0 до 1,191,0
8,СПБ и ЛО,1 до 3,8-СПБ и ЛО-1 до 3,232,0
8,СПБ и ЛО,3 до 5,8-СПБ и ЛО-3 до 5,261,0
8,СПБ и ЛО,5 до 10,8-СПБ и ЛО-5 до 10,315,0
8,СПБ и ЛО,10 до 15,8-СПБ и ЛО-10 до 15,382,0
8,СПБ и ЛО,15 до 20,8-СПБ и ЛО-15 до 20,462,0
8,СПБ и ЛО,20 до 30,8-СПБ и ЛО-20 до 30,558,0
8,СПБ и ЛО,30 до 50,8-СПБ и ЛО-30 до 50,712,0
8,СПБ и ЛО,50 до 80,8-СПБ и ЛО-50 до 80,1102,0
8,СПБ и ЛО,80 до 100,8-СПБ и ЛО-80 до 100,1369,0
8,СПБ и ЛО,100 до 120,8-СПБ и ЛО-100 до 120,1574,0
8,СПБ и ЛО,от 120,8-СПБ и ЛО-от 120,1574,12
Москва и МО,1,0 до 1,Москва и МО-1-0 до 1,141,0
Москва и МО,1,1 до 3,Москва и МО-1-1 до 3,173,0
Москва и МО,1,3 до 5,Москва и МО-1-3 до 5,198,0
Москва и МО,1,5 до 10,Москва и МО-1-5 до 10,228,0
Москва и МО,1,10 до 15,Москва и МО-1-10 до 15,261,0
Москва и МО,1,15 до 20,Москва и МО-1-15 до 20,285,0
Москва и МО,1,20 до 30,Москва и МО-1-20 до 30,342,0
Москва и МО,1,30 до 50,Москва и МО-1-30 до 50,552,0
Москва и МО,1,50 до 80,Москва и МО-1-50 до 80,888,0
Москва и МО,1,80 до 100,Москва и МО-1-80 до 100,1101,0
Москва и МО,1,100 до 120,Москва и МО-1-100 до 120,1257,0
Москва и МО,1,от 120,Москва и МО-1-от 120,1257,9
СПБ и ЛО,1,0 до 1,СПБ и ЛО-1-0 до 1,141,0
СПБ и ЛО,1,1 до 3,СПБ и ЛО-1-1 до 3,173,0
СПБ и ЛО,1,3 до 5,СПБ и ЛО-1-3 до 5,198,0
СПБ и ЛО,1,5 до 10,СПБ и ЛО-1-5 до 10,228,0
СПБ и ЛО,1,10 до 15,СПБ и ЛО-1-10 до 15,261,0
СПБ и ЛО,1,15 до 20,СПБ и ЛО-1-15 до 20,285,0
СПБ и ЛО,1,20 до 30,СПБ и ЛО-1-20 до 30,342,0
СПБ и ЛО,1,30 до 50,СПБ и ЛО-1-30 до 50,552,0
СПБ и ЛО,1,50 до 80,СПБ и ЛО-1-50 до 80,888,0
СПБ и ЛО,1,80 до 100,СПБ и ЛО-1-80 до 100,1101,0
СПБ и ЛО,1,100 до 120,СПБ и ЛО-1-100 до 120,1257,0
СПБ и ЛО,1,от 120,СПБ и ЛО-1-от 120,1257,9
1,1,0 до 1,1-1-0 до 1,141,0
1,1,1 до 3,1-1-1 до 3,173,0
1,1,3 до 5,1-1-3 до 5,198,0
1,1,5 до 10,1-1-5 до 10,228,0
1,1,10 до 15,1-1-10 до 15,261,0
1,1,15 до 20,1-1-15 до 20,285,0
1,1,20 до 30,1-1-20 до 30,342,0
1,1,30 до 50,1-1-30 до 50,552,0
1,1,50 до 80,1-1-50 до 80,888,0
1,1,80 до 100,1-1-80 до 100,1101,0
1,1,100 до 120,1-1-100 до 120,1257,0
1,1,от 120,1-1-от 120,1257,9
2,1,0 до 1,2-1-0 до 1,142,0
2,1,1 до 3,2-1-1 до 3,177,0
2,1,3 до 5,2-1-3 до 5,206,0
2,1,5 до 10,2-1-5 до 10,239,0
2,1,10 до 15,2-1-10 до 15,276,0
2,1,15 до 20,2-1-15 до 20,306,0
2,1,20 до 30,2-1-20 до 30,368,0
2,1,30 до 50,2-1-30 до 50,552,0
2,1,50 до 80,2-1-50 до 80,888,0
2,1,80 до 100,2-1-80 до 100,1101,0
2,1,100 до 120,2-1-100 до 120,1257,0
2,1,от 120,2-1-от 120,1257,9
3,1,0 до 1,3-1-0 до 1,142,0
3,1,1 до 3,3-1-1 до 3,177,0
3,1,3 до 5,3-1-3 до 5,206,0
3,1,5 до 10,3-1-5 до 10,239,0
3,1,10 до 15,3-1-10 до 15,276,0
3,1,15 до 20,3-1-15 до 20,306,0
3,1,20 до 30,3-1-20 до 30,368,0
3,1,30 до 50,3-1-30 до 50,552,0
3,1,50 до 80,3-1-50 до 80,888,0
3,1,80 до 100,3-1-80 до 100,1101,0
3,1,100 до 120,3-1-100 до 120,1257,0
3,1,от 120,3-1-от 120,1257,9
4,1,0 до 1,4-1-0 до 1,142,0
4,1,1 до 3,4-1-1 до 3,177,0
4,1,3 до 5,4-1-3 до 5,206,0
4,1,5 до 10,4-1-5 до 10,239,0
4,1,10 до 15,4-1-10 до 15,276,0
4,1,15 до 20,4-1-15 до 20,306,0
4,1,20 до 30,4-1-20 до 30,368,0
4,1,30 до 50,4-1-30 до 50,552,0
4,1,50 до 80,4-1-50 до 80,888,0
4,1,80 до 100,4-1-80 до 100,1101,0
4,1,100 до 120,4-1-100 до 120,1257,0
4,1,от 120,4-1-от 120,1257,9
5,1,0 до 1,5-1-0 до 1,143,0
5,1,1 до 3,5-1-1 до 3,179,0
5,1,3 до 5,5-1-3 до 5,218,0
5,1,5 до 10,5-1-5 до 10,258,0
5,1,10 до 15,5-1-10 до 15,298,0
5,1,15 до 20,5-1-15 до 20,330,0
5,1,20 до 30,5-1-20 до 30,404,0
5,1,30 до 50,5-1-30 до 50,551,0
5,1,50 до 80,5-1-50 до 80,885,0
5,1,80 до 100,5-1-80 до 100,1098,0
5,1,100 до 120,5-1-100 до 120,1253,0
5,1,от 120,5-1-от 120,1253,9
6,1,0 до 1,6-1-0 до 1,143,0
6,1,1 до 3,6-1-1 до 3,179,0
6,1,3 до 5,6-1-3 до 5,218,0
6,1,5 до 10,6-1-5 до 10,258,0
6,1,10 до 15,6-1-10 до 15,298,0
6,1,15 до 20,6-1-15 до 20,333,0
6,1,20 до 30,6-1-20 до 30,404,0
6,1,30 до 50,6-1-30 до 50,552,0
6,1,50 до 80,6-1-50 до 80,888,0
6,1,80 до 100,6-1-80 до 100,1101,0
6,1,100 до 120,6-1-100 до 120,1257,0
6,1,от 120,6-1-от 120,1257,9
7,1,0 до 1,7-1-0 до 1,168,0
7,1,1 до 3,7-1-1 до 3,193,0
7,1,3 до 5,7-1-3 до 5,236,0
7,1,5 до 10,7-1-5 до 10,282,0
7,1,10 до 15,7-1-10 до 15,342,0
7,1,15 до 20,7-1-15 до 20,413,0
7,1,20 до 30,7-1-20 до 30,494,0
7,1,30 до 50,7-1-30 до 50,713,0
7,1,50 до 80,7-1-50 до 80,1214,0
7,1,80 до 100,7-1-80 до 100,1508,0
7,1,100 до 120,7-1-100 до 120,1736,0
7,1,от 120,7-1-от 120,1736,12
8,1,0 до 1,8-1-0 до 1,191,0
8,1,1 до 3,8-1-1 до 3,232,0
8,1,3 до 5,8-1-3 до 5,261,0
8,1,5 до 10,8-1-5 до 10,315,0
8,1,10 до 15,8-1-10 до 15,382,0
8,1,15 до 20,8-1-15 до 20,462,0
8,1,20 до 30,8-1-20 до 30,558,0
8,1,30 до 50,8-1-30 до 50,712,0
8,1,50 до 80,8-1-50 до 80,1213,0
8,1,80 до 100,8-1-80 до 100,1506,0
8,1,100 до 120,8-1-100 до 120,1732,0
8,1,от 120,8-1-от 120,1732,12
Москва и МО,2,0 до 1,Москва и МО-2-0 до 1,142,0
Москва и МО,2,1 до 3,Москва и МО-2-1 до 3,177,0
Москва и МО,2,3 до 5,Москва и МО-2-3 до 5,206,0
Москва и МО,2,5 до 10,Москва и МО-2-5 до 10,239,0
Москва и МО,2,10 до 15,Москва и МО-2-10 до 15,276,0
Москва и МО,2,15 до 20,Москва и МО-2-15 до 20,306,0
Москва и МО,2,20 до 30,Москва и МО-2-20 до 30,368,0
Москва и МО,2,30 до 50,Москва и МО-2-30 до 50,552,0
Москва и МО,2,50 до 80,Москва и МО-2-50 до 80,888,0
Москва и МО,2,80 до 100,Москва и МО-2-80 до 100,1101,0
Москва и МО,2,100 до 120,Москва и МО-2-100 до 120,1257,0
Москва и МО,2,от 120,Москва и МО-2-от 120,1257,9
СПБ и ЛО,2,0 до 1,СПБ и ЛО-2-0 до 1,142,0
СПБ и ЛО,2,1 до 3,СПБ и ЛО-2-1 до 3,177,0
СПБ и ЛО,2,3 до 5,СПБ и ЛО-2-3 до 5,206,0
СПБ и ЛО,2,5 до 10,СПБ и ЛО-2-5 до 10,239,0
СПБ и ЛО,2,10 до 15,СПБ и ЛО-2-10 до 15,276,0
СПБ и ЛО,2,15 до 20,СПБ и ЛО-2-15 до 20,306,0
СПБ и ЛО,2,20 до 30,СПБ и ЛО-2-20 до 30,368,0
СПБ и ЛО,2,30 до 50,СПБ и ЛО-2-30 до 50,552,0
СПБ и ЛО,2,50 до 80,СПБ и ЛО-2-50 до 80,888,0
СПБ и ЛО,2,80 до 100,СПБ и ЛО-2-80 до 100,1101,0
СПБ и ЛО,2,100 до 120,СПБ и ЛО-2-100 до 120,1257,0
СПБ и ЛО,2,от 120,СПБ и ЛО-2-от 120,1257,9
1,2,0 до 1,1-2-0 до 1,142,0
1,2,1 до 3,1-2-1 до 3,177,0
1,2,3 до 5,1-2-3 до 5,206,0
1,2,5 до 10,1-2-5 до 10,239,0
1,2,10 до 15,1-2-10 до 15,276,0
1,2,15 до 20,1-2-15 до 20,306,0
1,2,20 до 30,1-2-20 до 30,368,0
1,2,30 до 50,1-2-30 до 50,552,0
1,2,50 до 80,1-2-50 до 80,888,0
1,2,80 до 100,1-2-80 до 100,1101,0
1,2,100 до 120,1-2-100 до 120,1257,0
1,2,от 120,1-2-от 120,1257,9
2,2,0 до 1,2-2-0 до 1,141,0
2,2,1 до 3,2-2-1 до 3,173,0
2,2,3 до 5,2-2-3 до 5,198,0
2,2,5 до 10,2-2-5 до 10,228,0
2,2,10 до 15,2-2-10 до 15,261,0
2,2,15 до 20,2-2-15 до 20,285,0
2,2,20 до 30,2-2-20 до 30,342,0
2,2,30 до 50,2-2-30 до 50,552,0
2,2,50 до 80,2-2-50 до 80,888,0
2,2,80 до 100,2-2-80 до 100,1101,0
2,2,100 до 120,2-2-100 до 120,1257,0
2,2,от 120,2-2-от 120,1257,9
3,2,0 до 1,3-2-0 до 1,142,0
3,2,1 до 3,3-2-1 до 3,177,0
3,2,3 до 5,3-2-3 до 5,206,0
3,2,5 до 10,3-2-5 до 10,239,0
3,2,10 до 15,3-2-10 до 15,276,0
3,2,15 до 20,3-2-15 до 20,306,0
3,2,20 до 30,3-2-20 до 30,368,0
3,2,30 до 50,3-2-30 до 50,552,0
3,2,50 до 80,3-2-50 до 80,888,0
3,2,80 до 100,3-2-80 до 100,1101,0
3,2,100 до 120,3-2-100 до 120,1257,0
3,2,от 120,3-2-от 120,1257,9
4,2,0 до 1,4-2-0 до 1,143,0
4,2,1 до 3,4-2-1 до 3,179,0
4,2,3 до 5,4-2-3 до 5,218,0
4,2,5 до 10,4-2-5 до 10,258,0
4,2,10 до 15,4-2-10 до 15,298,0
4,2,15 до 20,4-2-15 до 20,333,0
4,2,20 до 30,4-2-20 до 30,404,0
4,2,30 до 50,4-2-30 до 50,552,0
4,2,50 до 80,4-2-50 до 80,888,0
4,2,80 до 100,4-2-80 до 100,1101,0
4,2,100 до 120,4-2-100 до 120,1257,0
4,2,от 120,4-2-от 120,1257,9
5,2,0 до 1,5-2-0 до 1,147,0
5,2,1 до 3,5-2-1 до 3,183,0
5,2,3 до 5,5-2-3 до 5,214,0
5,2,5 до 10,5-2-5 до 10,246,0
5,2,10 до 15,5-2-10 до 15,285,0
5,2,15 до 20,5-2-15 до 20,342,0
5,2,20 до 30,5-2-20 до 30,387,0
5,2,30 до 50,5-2-30 до 50,712,0
5,2,50 до 80,5-2-50 до 80,1213,0
5,2,80 до 100,5-2-80 до 100,1506,0
5,2,100 до 120,5-2-100 до 120,1732,0
5,2,от 120,5-2-от 120,1732,12
6,2,0 до 1,6-2-0 до 1,143,0
6,2,1 до 3,6-2-1 до 3,179,0
6,2,3 до 5,6-2-3 до 5,218,0
6,2,5 до 10,6-2-5 до 10,258,0
6,2,10 до 15,6-2-10 до 15,298,0
6,2,15 до 20,6-2-15 до 20,333,0
6,2,20 до 30,6-2-20 до 30,404,0
6,2,30 до 50,6-2-30 до 50,552,0
6,2,50 до 80,6-2-50 до 80,888,0
6,2,80 до 100,6-2-80 до 100,1101,0
6,2,100 до 120,6-2-100 до 120,1257,0
6,2,от 120,6-2-от 120,1257,9
7,2,0 до 1,7-2-0 до 1,168,0
7,2,1 до 3,7-2-1 до 3,193,0
7,2,3 до 5,7-2-3 до 5,236,0
7,2,5 до 10,7-2-5 до 10,282,0
7,2,10 до 15,7-2-10 до 15,342,0
7,2,15 до 20,7-2-15 до 20,413,0
7,2,20 до 30,7-2-20 до 30,494,0
7,2,30 до 50,7-2-30 до 50,713,0
7,2,50 до 80,7-2-50 до 80,1214,0
7,2,80 до 100,7-2-80 до 100,1508,0
7,2,100 до 120,7-2-100 до 120,1736,0
7,2,от 120,7-2-от 120,1736,12
8,2,0 до 1,8-2-0 до 1,191,0
8,2,1 до 3,8-2-1 до 3,232,0
8,2,3 до 5,8-2-3 до 5,261,0
8,2,5 до 10,8-2-5 до 10,315,0
8,2,10 до 15,8-2-10 до 15,382,0
8,2,15 до 20,8-2-15 до 20,462,0
8,2,20 до 30,8-2-20 до 30,558,0
8,2,30 до 50,8-2-30 до 50,712,0
8,2,50 до 80,8-2-50 до 80,1213,0
8,2,80 до 100,8-2-80 до 100,1506,0
8,2,100 до 120,8-2-100 до 120,1732,0
8,2,от 120,8-2-от 120,1732,12
Москва и МО,3,0 до 1,Москва и МО-3-0 до 1,142,0
Москва и МО,3,1 до 3,Москва и МО-3-1 до 3,177,0
Москва и МО,3,3 до 5,Москва и МО-3-3 до 5,206,0
Москва и МО,3,5 до 10,Москва и МО-3-5 до 10,239,0
Москва и МО,3,10 до 15,Москва и МО-3-10 до 15,276,0
Москва и МО,3,15 до 20,Москва и МО-3-15 до 20,306,0
Москва и МО,3,20 до 30,Москва и МО-3-20 до 30,368,0
Москва и МО,3,30 до 50,Москва и МО-3-30 до 50,552,0
Москва и МО,3,50 до 80,Москва и МО-3-50 до 80,888,0
Москва и МО,3,80 до 100,Москва и МО-3-80 до 100,1101,0
Москва и МО,3,100 до 120,Москва и МО-3-100 до 120,1257,0
Москва и МО,3,от 120,Москва и МО-3-от 120,1257,9
СПБ и ЛО,3,0 до 1,СПБ и ЛО-3-0 до 1,142,0
СПБ и ЛО,3,1 до 3,СПБ и ЛО-3-1 до 3,177,0
СПБ и ЛО,3,3 до 5,СПБ и ЛО-3-3 до 5,206,0
СПБ и ЛО,3,5 до 10,СПБ и ЛО-3-5 до 10,239,0
СПБ и ЛО,3,10 до 15,СПБ и ЛО-3-10 до 15,276,0
СПБ и ЛО,3,15 до 20,СПБ и ЛО-3-15 до 20,306,0
СПБ и ЛО,3,20 до 30,СПБ и ЛО-3-20 до 30,368,0
СПБ и ЛО,3,30 до 50,СПБ и ЛО-3-30 до 50,552,0
СПБ и ЛО,3,50 до 80,СПБ и ЛО-3-50 до 80,888,0
СПБ и ЛО,3,80 до 100,СПБ и ЛО-3-80 до 100,1101,0
СПБ и ЛО,3,100 до 120,СПБ и ЛО-3-100 до 120,1257,0
СПБ и ЛО,3,от 120,СПБ и ЛО-3-от 120,1257,9
1,3,0 до 1,1-3-0 до 1,142,0
1,3,1 до 3,1-3-1 до 3,177,0
1,3,3 до 5,1-3-3 до 5,206,0
1,3,5 до 10,1-3-5 до 10,239,0
1,3,10 до 15,1-3-10 до 15,276,0
1,3,15 до 20,1-3-15 до 20,306,0
1,3,20 до 30,1-3-20 до 30,368,0
1,3,30 до 50,1-3-30 до 50,552,0
1,3,50 до 80,1-3-50 до 80,888,0
1,3,80 до 100,1-3-80 до 100,1101,0
1,3,100 до 120,1-3-100 до 120,1257,0
1,3,от 120,1-3-от 120,1257,9
2,3,0 до 1,2-3-0 до 1,142,0
2,3,1 до 3,2-3-1 до 3,177,0
2,3,3 до 5,2-3-3 до 5,206,0
2,3,5 до 10,2-3-5 до 10,239,0
2,3,10 до 15,2-3-10 до 15,276,0
2,3,15 до 20,2-3-15 до 20,306,0
2,3,20 до 30,2-3-20 до 30,368,0
2,3,30 до 50,2-3-30 до 50,552,0
2,3,50 до 80,2-3-50 до 80,888,0
2,3,80 до 100,2-3-80 до 100,1101,0
2,3,100 до 120,2-3-100 до 120,1257,0
2,3,от 120,2-3-от 120,1257,9
3,3,0 до 1,3-3-0 до 1,94,0
3,3,1 до 3,3-3-1 до 3,117,0
3,3,3 до 5,3-3-3 до 5,132,0
3,3,5 до 10,3-3-5 до 10,153,0
3,3,10 до 15,3-3-10 до 15,173,0
3,3,15 до 20,3-3-15 до 20,192,0
3,3,20 до 30,3-3-20 до 30,228,0
3,3,30 до 50,3-3-30 до 50,368,0
3,3,50 до 80,3-3-50 до 80,592,0
3,3,80 до 100,3-3-80 до 100,734,0
3,3,100 до 120,3-3-100 до 120,838,0
3,3,от 120,3-3-от 120,838,6
4,3,0 до 1,4-3-0 до 1,150,0
4,3,1 до 3,4-3-1 до 3,187,0
4,3,3 до 5,4-3-3 до 5,229,0
4,3,5 до 10,4-3-5 до 10,266,0
4,3,10 до 15,4-3-10 до 15,311,0
4,3,15 до 20,4-3-15 до 20,368,0
4,3,20 до 30,4-3-20 до 30,423,0
4,3,30 до 50,4-3-30 до 50,713,0
4,3,50 до 80,4-3-50 до 80,1214,0
4,3,80 до 100,4-3-80 до 100,1508,0
4,3,100 до 120,4-3-100 до 120,1736,0
4,3,от 120,4-3-от 120,1736,12
5,3,0 до 1,5-3-0 до 1,141,0
5,3,1 до 3,5-3-1 до 3,176,0
5,3,3 до 5,5-3-3 до 5,203,0
5,3,5 до 10,5-3-5 до 10,239,0
5,3,10 до 15,5-3-10 до 15,276,0
5,3,15 до 20,5-3-15 до 20,306,0
5,3,20 до 30,5-3-20 до 30,368,0
5,3,30 до 50,5-3-30 до 50,551,0
5,3,50 до 80,5-3-50 до 80,885,0
5,3,80 до 100,5-3-80 до 100,1098,0
5,3,100 до 120,5-3-100 до 120,1253,0
5,3,от 120,5-3-от 120,1253,9
6,3,0 до 1,6-3-0 до 1,168,0
6,3,1 до 3,6-3-1 до 3,193,0
6,3,3 до 5,6-3-3 до 5,236,0
6,3,5 до 10,6-3-5 до 10,282,0
6,3,10 до 15,6-3-10 до 15,342,0
6,3,15 до 20,6-3-15 до 20,413,0
6,3,20 до 30,6-3-20 до 30,494,0
6,3,30 до 50,6-3-30 до 50,713,0
6,3,50 до 80,6-3-50 до 80,1214,0
6,3,80 до 100,6-3-80 до 100,1508,0
6,3,100 до 120,6-3-100 до 120,1736,0
6,3,от 120,6-3-от 120,1736,12
7,3,0 до 1,7-3-0 до 1,168,0
7,3,1 до 3,7-3-1 до 3,193,0
7,3,3 до 5,7-3-3 до 5,236,0
7,3,5 до 10,7-3-5 до 10,282,0
7,3,10 до 15,7-3-10 до 15,342,0
7,3,15 до 20,7-3-15 до 20,413,0
7,3,20 до 30,7-3-20 до 30,494,0
7,3,30 до 50,7-3-30 до 50,713,0
7,3,50 до 80,7-3-50 до 80,1214,0
7,3,80 до 100,7-3-80 до 100,1508,0
7,3,100 до 120,7-3-100 до 120,1736,0
7,3,от 120,7-3-от 120,1736,12
8,3,0 до 1,8-3-0 до 1,206,0
8,3,1 до 3,8-3-1 до 3,254,0
8,3,3 до 5,8-3-3 до 5,278,0
8,3,5 до 10,8-3-5 до 10,389,0
8,3,10 до 15,8-3-10 до 15,476,0
8,3,15 до 20,8-3-15 до 20,562,0
8,3,20 до 30,8-3-20 до 30,668,0
8,3,30 до 50,8-3-30 до 50,927,0
8,3,50 до 80,8-3-50 до 80,1677,0
8,3,80 до 100,8-3-80 до 100,2066,0
8,3,100 до 120,8-3-100 до 120,2351,0
8,3,от 120,8-3-от 120,2351,15
Москва и МО,4,0 до 1,Москва и МО-4-0 до 1,142,0
Москва и МО,4,1 до 3,Москва и МО-4-1 до 3,177,0
Москва и МО,4,3 до 5,Москва и МО-4-3 до 5,206,0
Москва и МО,4,5 до 10,Москва и МО-4-5 до 10,239,0
Москва и МО,4,10 до 15,Москва и МО-4-10 до 15,276,0
Москва и МО,4,15 до 20,Москва и МО-4-15 до 20,306,0
Москва и МО,4,20 до 30,Москва и МО-4-20 до 30,368,0
Москва и МО,4,30 до 50,Москва и МО-4-30 до 50,552,0
Москва и МО,4,50 до 80,Москва и МО-4-50 до 80,888,0
Москва и МО,4,80 до 100,Москва и МО-4-80 до 100,1101,0
Москва и МО,4,100 до 120,Москва и МО-4-100 до 120,1257,0
Москва и МО,4,от 120,Москва и МО-4-от 120,1257,9
СПБ и ЛО,4,0 до 1,СПБ и ЛО-4-0 до 1,142,0
СПБ и ЛО,4,1 до 3,СПБ и ЛО-4-1 до 3,177,0
СПБ и ЛО,4,3 до 5,СПБ и ЛО-4-3 до 5,206,0
СПБ и ЛО,4,5 до 10,СПБ и ЛО-4-5 до 10,239,0
СПБ и ЛО,4,10 до 15,СПБ и ЛО-4-10 до 15,276,0
СПБ и ЛО,4,15 до 20,СПБ и ЛО-4-15 до 20,306,0
СПБ и ЛО,4,20 до 30,СПБ и ЛО-4-20 до 30,368,0
СПБ и ЛО,4,30 до 50,СПБ и ЛО-4-30 до 50,552,0
СПБ и ЛО,4,50 до 80,СПБ и ЛО-4-50 до 80,888,0
СПБ и ЛО,4,80 до 100,СПБ и ЛО-4-80 до 100,1101,0
СПБ и ЛО,4,100 до 120,СПБ и ЛО-4-100 до 120,1257,0
СПБ и ЛО,4,от 120,СПБ и ЛО-4-от 120,1257,9
1,4,0 до 1,1-4-0 до 1,96,0
1,4,1 до 3,1-4-1 до 3,118,0
1,4,3 до 5,1-4-3 до 5,138,0
1,4,5 до 10,1-4-5 до 10,161,0
1,4,10 до 15,1-4-10 до 15,184,0
1,4,15 до 20,1-4-15 до 20,206,0
1,4,20 до 30,1-4-20 до 30,247,0
1,4,30 до 50,1-4-30 до 50,368,0
1,4,50 до 80,1-4-50 до 80,592,0
1,4,80 до 100,1-4-80 до 100,734,0
1,4,100 до 120,1-4-100 до 120,838,0
1,4,от 120,1-4-от 120,838,6
2,4,0 до 1,2-4-0 до 1,142,0
2,4,1 до 3,2-4-1 до 3,177,0
2,4,3 до 5,2-4-3 до 5,206,0
2,4,5 до 10,2-4-5 до 10,239,0
2,4,10 до 15,2-4-10 до 15,276,0
2,4,15 до 20,2-4-15 до 20,306,0
2,4,20 до 30,2-4-20 до 30,368,0
2,4,30 до 50,2-4-30 до 50,552,0
2,4,50 до 80,2-4-50 до 80,888,0
2,4,80 до 100,2-4-80 до 100,1101,0
2,4,100 до 120,2-4-100 до 120,1257,0
2,4,от 120,2-4-от 120,1257,9
3,4,0 до 1,3-4-0 до 1,150,0
3,4,1 до 3,3-4-1 до 3,187,0
3,4,3 до 5,3-4-3 до 5,229,0
3,4,5 до 10,3-4-5 до 10,266,0
3,4,10 до 15,3-4-10 до 15,311,0
3,4,15 до 20,3-4-15 до 20,368,0
3,4,20 до 30,3-4-20 до 30,423,0
3,4,30 до 50,3-4-30 до 50,713,0
3,4,50 до 80,3-4-50 до 80,1214,0
3,4,80 до 100,3-4-80 до 100,1508,0
3,4,100 до 120,3-4-100 до 120,1736,0
3,4,от 120,3-4-от 120,1736,12
4,4,0 до 1,4-4-0 до 1,141,0
4,4,1 до 3,4-4-1 до 3,173,0
4,4,3 до 5,4-4-3 до 5,198,0
4,4,5 до 10,4-4-5 до 10,228,0
4,4,10 до 15,4-4-10 до 15,261,0
4,4,15 до 20,4-4-15 до 20,285,0
4,4,20 до 30,4-4-20 до 30,342,0
4,4,30 до 50,4-4-30 до 50,552,0
4,4,50 до 80,4-4-50 до 80,888,0
4,4,80 до 100,4-4-80 до 100,1101,0
4,4,100 до 120,4-4-100 до 120,1257,0
4,4,от 120,4-4-от 120,1257,9
5,4,0 до 1,5-4-0 до 1,149,0
5,4,1 до 3,5-4-1 до 3,187,0
5,4,3 до 5,5-4-3 до 5,229,0
5,4,5 до 10,5-4-5 до 10,263,0
5,4,10 до 15,5-4-10 до 15,311,0
5,4,15 до 20,5-4-15 до 20,368,0
5,4,20 до 30,5-4-20 до 30,423,0
5,4,30 до 50,5-4-30 до 50,712,0
5,4,50 до 80,5-4-50 до 80,1213,0
5,4,80 до 100,5-4-80 до 100,1506,0
5,4,100 до 120,5-4-100 до 120,1732,0
5,4,от 120,5-4-от 120,1732,12
6,4,0 до 1,6-4-0 до 1,168,0
6,4,1 до 3,6-4-1 до 3,193,0
6,4,3 до 5,6-4-3 до 5,236,0
6,4,5 до 10,6-4-5 до 10,282,0
6,4,10 до 15,6-4-10 до 15,342,0
6,4,15 до 20,6-4-15 до 20,413,0
6,4,20 до 30,6-4-20 до 30,494,0
6,4,30 до 50,6-4-30 до 50,713,0
6,4,50 до 80,6-4-50 до 80,1214,0
6,4,80 до 100,6-4-80 до 100,1508,0
6,4,100 до 120,6-4-100 до 120,1736,0
6,4,от 120,6-4-от 120,1736,12
7,4,0 до 1,7-4-0 до 1,191,0
7,4,1 до 3,7-4-1 до 3,232,0
7,4,3 до 5,7-4-3 до 5,261,0
7,4,5 до 10,7-4-5 до 10,315,0
7,4,10 до 15,7-4-10 до 15,382,0
7,4,15 до 20,7-4-15 до 20,462,0
7,4,20 до 30,7-4-20 до 30,559,0
7,4,30 до 50,7-4-30 до 50,713,0
7,4,50 до 80,7-4-50 до 80,1214,0
7,4,80 до 100,7-4-80 до 100,1508,0
7,4,100 до 120,7-4-100 до 120,1736,0
7,4,от 120,7-4-от 120,1736,12
8,4,0 до 1,8-4-0 до 1,206,0
8,4,1 до 3,8-4-1 до 3,254,0
8,4,3 до 5,8-4-3 до 5,278,0
8,4,5 до 10,8-4-5 до 10,389,0
8,4,10 до 15,8-4-10 до 15,476,0
8,4,15 до 20,8-4-15 до 20,562,0
8,4,20 до 30,8-4-20 до 30,668,0
8,4,30 до 50,8-4-30 до 50,927,0
8,4,50 до 80,8-4-50 до 80,1677,0
8,4,80 до 100,8-4-80 до 100,2066,0
8,4,100 до 120,8-4-100 до 120,2351,0
8,4,от 120,8-4-от 120,2351,15
Москва и МО,5,0 до 1,Москва и МО-5-0 до 1,143,0
Москва и МО,5,1 до 3,Москва и МО-5-1 до 3,179,0
Москва и МО,5,3 до 5,Москва и МО-5-3 до 5,218,0
Москва и МО,5,5 до 10,Москва и МО-5-5 до 10,258,0
Москва и МО,5,10 до 15,Москва и МО-5-10 до 15,298,0
Москва и МО,5,15 до 20,Москва и МО-5-15 до 20,333,0
Москва и МО,5,20 до 30,Москва и МО-5-20 до 30,404,0
Москва и МО,5,30 до 50,Москва и МО-5-30 до 50,552,0
Москва и МО,5,50 до 80,Москва и МО-5-50 до 80,888,0
Москва и МО,5,80 до 100,Москва и МО-5-80 до 100,1101,0
Москва и МО,5,100 до 120,Москва и МО-5-100 до 120,1257,0
Москва и МО,5,от 120,Москва и МО-5-от 120,1257,9
СПБ и ЛО,5,0 до 1,СПБ и ЛО-5-0 до 1,143,0
СПБ и ЛО,5,1 до 3,СПБ и ЛО-5-1 до 3,179,0
СПБ и ЛО,5,3 до 5,СПБ и ЛО-5-3 до 5,218,0
СПБ и ЛО,5,5 до 10,СПБ и ЛО-5-5 до 10,258,0
СПБ и ЛО,5,10 до 15,СПБ и ЛО-5-10 до 15,298,0
СПБ и ЛО,5,15 до 20,СПБ и ЛО-5-15 до 20,333,0
СПБ и ЛО,5,20 до 30,СПБ и ЛО-5-20 до 30,404,0
СПБ и ЛО,5,30 до 50,СПБ и ЛО-5-30 до 50,552,0
СПБ и ЛО,5,50 до 80,СПБ и ЛО-5-50 до 80,888,0
СПБ и ЛО,5,80 до 100,СПБ и ЛО-5-80 до 100,1101,0
СПБ и ЛО,5,100 до 120,СПБ и ЛО-5-100 до 120,1257,0
СПБ и ЛО,5,от 120,СПБ и ЛО-5-от 120,1257,9
1,5,0 до 1,1-5-0 до 1,143,0
1,5,1 до 3,1-5-1 до 3,179,0
1,5,3 до 5,1-5-3 до 5,218,0
1,5,5 до 10,1-5-5 до 10,258,0
1,5,10 до 15,1-5-10 до 15,298,0
1,5,15 до 20,1-5-15 до 20,333,0
1,5,20 до 30,1-5-20 до 30,404,0
1,5,30 до 50,1-5-30 до 50,552,0
1,5,50 до 80,1-5-50 до 80,888,0
1,5,80 до 100,1-5-80 до 100,1101,0
1,5,100 до 120,1-5-100 до 120,1257,0
1,5,от 120,1-5-от 120,1257,9
2,5,0 до 1,2-5-0 до 1,143,0
2,5,1 до 3,2-5-1 до 3,179,0
2,5,3 до 5,2-5-3 до 5,218,0
2,5,5 до 10,2-5-5 до 10,258,0
2,5,10 до 15,2-5-10 до 15,298,0
2,5,15 до 20,2-5-15 до 20,333,0
2,5,20 до 30,2-5-20 до 30,404,0
2,5,30 до 50,2-5-30 до 50,552,0
2,5,50 до 80,2-5-50 до 80,888,0
2,5,80 до 100,2-5-80 до 100,1101,0
2,5,100 до 120,2-5-100 до 120,1257,0
2,5,от 120,2-5-от 120,1257,9
3,5,0 до 1,3-5-0 до 1,142,0
3,5,1 до 3,3-5-1 до 3,177,0
3,5,3 до 5,3-5-3 до 5,206,0
3,5,5 до 10,3-5-5 до 10,239,0
3,5,10 до 15,3-5-10 до 15,276,0
3,5,15 до 20,3-5-15 до 20,306,0
3,5,20 до 30,3-5-20 до 30,368,0
3,5,30 до 50,3-5-30 до 50,552,0
3,5,50 до 80,3-5-50 до 80,888,0
3,5,80 до 100,3-5-80 до 100,1101,0
3,5,100 до 120,3-5-100 до 120,1257,0
3,5,от 120,3-5-от 120,1257,9
4,5,0 до 1,4-5-0 до 1,150,0
4,5,1 до 3,4-5-1 до 3,187,0
4,5,3 до 5,4-5-3 до 5,229,0
4,5,5 до 10,4-5-5 до 10,266,0
4,5,10 до 15,4-5-10 до 15,311,0
4,5,15 до 20,4-5-15 до 20,368,0
4,5,20 до 30,4-5-20 до 30,423,0
4,5,30 до 50,4-5-30 до 50,713,0
4,5,50 до 80,4-5-50 до 80,1214,0
4,5,80 до 100,4-5-80 до 100,1508,0
4,5,100 до 120,4-5-100 до 120,1736,0
4,5,от 120,4-5-от 120,1736,12
5,5,0 до 1,5-5-0 до 1,139,0
5,5,1 до 3,5-5-1 до 3,172,0
5,5,3 до 5,5-5-3 до 5,195,0
5,5,5 до 10,5-5-5 до 10,228,0
5,5,10 до 15,5-5-10 до 15,259,0
5,5,15 до 20,5-5-15 до 20,284,0
5,5,20 до 30,5-5-20 до 30,341,0
5,5,30 до 50,5-5-30 до 50,551,0
5,5,50 до 80,5-5-50 до 80,885,0
5,5,80 до 100,5-5-80 до 100,1098,0
5,5,100 до 120,5-5-100 до 120,1253,0
5,5,от 120,5-5-от 120,1253,9
6,5,0 до 1,6-5-0 до 1,150,0
6,5,1 до 3,6-5-1 до 3,187,0
6,5,3 до 5,6-5-3 до 5,229,0
6,5,5 до 10,6-5-5 до 10,266,0
6,5,10 до 15,6-5-10 до 15,311,0
6,5,15 до 20,6-5-15 до 20,368,0
6,5,20 до 30,6-5-20 до 30,423,0
6,5,30 до 50,6-5-30 до 50,713,0
6,5,50 до 80,6-5-50 до 80,1214,0
6,5,80 до 100,6-5-80 до 100,1508,0
6,5,100 до 120,6-5-100 до 120,1736,0
6,5,от 120,6-5-от 120,1736,12
7,5,0 до 1,7-5-0 до 1,112,0
7,5,1 до 3,7-5-1 до 3,131,0
7,5,3 до 5,7-5-3 до 5,157,0
7,5,5 до 10,7-5-5 до 10,188,0
7,5,10 до 15,7-5-10 до 15,228,0
7,5,15 до 20,7-5-15 до 20,276,0
7,5,20 до 30,7-5-20 до 30,329,0
7,5,30 до 50,7-5-30 до 50,477,0
7,5,50 до 80,7-5-50 до 80,810,0
7,5,80 до 100,7-5-80 до 100,1005,0
7,5,100 до 120,7-5-100 до 120,1158,0
7,5,от 120,7-5-от 120,1158,9
8,5,0 до 1,8-5-0 до 1,206,0
8,5,1 до 3,8-5-1 до 3,254,0
8,5,3 до 5,8-5-3 до 5,278,0
8,5,5 до 10,8-5-5 до 10,389,0
8,5,10 до 15,8-5-10 до 15,476,0
8,5,15 до 20,8-5-15 до 20,562,0
8,5,20 до 30,8-5-20 до 30,668,0
8,5,30 до 50,8-5-30 до 50,927,0
8,5,50 до 80,8-5-50 до 80,1677,0
8,5,80 до 100,8-5-80 до 100,2066,0
8,5,100 до 120,8-5-100 до 120,2351,0
8,5,от 120,8-5-от 120,2351,15
Москва и МО,6,0 до 1,Москва и МО-6-0 до 1,150,0
Москва и МО,6,1 до 3,Москва и МО-6-1 до 3,187,0
Москва и МО,6,3 до 5,Москва и МО-6-3 до 5,229,0
Москва и МО,6,5 до 10,Москва и МО-6-5 до 10,266,0
Москва и МО,6,10 до 15,Москва и МО-6-10 до 15,311,0
Москва и МО,6,15 до 20,Москва и МО-6-15 до 20,368,0
Москва и МО,6,20 до 30,Москва и МО-6-20 до 30,423,0
Москва и МО,6,30 до 50,Москва и МО-6-30 до 50,713,0
Москва и МО,6,50 до 80,Москва и МО-6-50 до 80,1106,0
Москва и МО,6,80 до 100,Москва и МО-6-80 до 100,1369,0
Москва и МО,6,100 до 120,Москва и МО-6-100 до 120,1574,0
Москва и МО,6,от 120,Москва и МО-6-от 120,1574,12
СПБ и ЛО,6,0 до 1,СПБ и ЛО-6-0 до 1,150,0
СПБ и ЛО,6,1 до 3,СПБ и ЛО-6-1 до 3,187,0
СПБ и ЛО,6,3 до 5,СПБ и ЛО-6-3 до 5,229,0
СПБ и ЛО,6,5 до 10,СПБ и ЛО-6-5 до 10,266,0
СПБ и ЛО,6,10 до 15,СПБ и ЛО-6-10 до 15,311,0
СПБ и ЛО,6,15 до 20,СПБ и ЛО-6-15 до 20,368,0
СПБ и ЛО,6,20 до 30,СПБ и ЛО-6-20 до 30,423,0
СПБ и ЛО,6,30 до 50,СПБ и ЛО-6-30 до 50,713,0
СПБ и ЛО,6,50 до 80,СПБ и ЛО-6-50 до 80,1106,0
СПБ и ЛО,6,80 до 100,СПБ и ЛО-6-80 до 100,1369,0
СПБ и ЛО,6,100 до 120,СПБ и ЛО-6-100 до 120,1574,0
СПБ и ЛО,6,от 120,СПБ и ЛО-6-от 120,1574,12
1,6,0 до 1,1-6-0 до 1,150,0
1,6,1 до 3,1-6-1 до 3,187,0
1,6,3 до 5,1-6-3 до 5,229,0
1,6,5 до 10,1-6-5 до 10,266,0
1,6,10 до 15,1-6-10 до 15,311,0
1,6,15 до 20,1-6-15 до 20,368,0
1,6,20 до 30,1-6-20 до 30,423,0
1,6,30 до 50,1-6-30 до 50,713,0
1,6,50 до 80,1-6-50 до 80,1214,0
1,6,80 до 100,1-6-80 до 100,1508,0
1,6,100 до 120,1-6-100 до 120,1736,0
1,6,от 120,1-6-от 120,1736,12
2,6,0 до 1,2-6-0 до 1,143,0
2,6,1 до 3,2-6-1 до 3,179,0
2,6,3 до 5,2-6-3 до 5,218,0
2,6,5 до 10,2-6-5 до 10,258,0
2,6,10 до 15,2-6-10 до 15,298,0
2,6,15 до 20,2-6-15 до 20,333,0
2,6,20 до 30,2-6-20 до 30,404,0
2,6,30 до 50,2-6-30 до 50,552,0
2,6,50 до 80,2-6-50 до 80,888,0
2,6,80 до 100,2-6-80 до 100,1101,0
2,6,100 до 120,2-6-100 до 120,1257,0
2,6,от 120,2-6-от 120,1257,9
3,6,0 до 1,3-6-0 до 1,168,0
3,6,1 до 3,3-6-1 до 3,193,0
3,6,3 до 5,3-6-3 до 5,236,0
3,6,5 до 10,3-6-5 до 10,282,0
3,6,10 до 15,3-6-10 до 15,342,0
3,6,15 до 20,3-6-15 до 20,413,0
3,6,20 до 30,3-6-20 до 30,494,0
3,6,30 до 50,3-6-30 до 50,713,0
3,6,50 до 80,3-6-50 до 80,1214,0
3,6,80 до 100,3-6-80 до 100,1508,0
3,6,100 до 120,3-6-100 до 120,1736,0
3,6,от 120,3-6-от 120,1736,12
4,6,0 до 1,4-6-0 до 1,168,0
4,6,1 до 3,4-6-1 до 3,193,0
4,6,3 до 5,4-6-3 до 5,236,0
4,6,5 до 10,4-6-5 до 10,282,0
4,6,10 до 15,4-6-10 до 15,342,0
4,6,15 до 20,4-6-15 до 20,413,0
4,6,20 до 30,4-6-20 до 30,494,0
4,6,30 до 50,4-6-30 до 50,713,0
4,6,50 до 80,4-6-50 до 80,1214,0
4,6,80 до 100,4-6-80 до 100,1508,0
4,6,100 до 120,4-6-100 до 120,1736,0
4,6,от 120,4-6-от 120,1736,12
5,6,0 до 1,5-6-0 до 1,149,0
5,6,1 до 3,5-6-1 до 3,187,0
5,6,3 до 5,5-6-3 до 5,229,0
5,6,5 до 10,5-6-5 до 10,263,0
5,6,10 до 15,5-6-10 до 15,311,0
5,6,15 до 20,5-6-15 до 20,368,0
5,6,20 до 30,5-6-20 до 30,423,0
5,6,30 до 50,5-6-30 до 50,712,0
5,6,50 до 80,5-6-50 до 80,1213,0
5,6,80 до 100,5-6-80 до 100,1506,0
5,6,100 до 120,5-6-100 до 120,1732,0
5,6,от 120,5-6-от 120,1732,12
6,6,0 до 1,6-6-0 до 1,141,0
6,6,1 до 3,6-6-1 до 3,173,0
6,6,3 до 5,6-6-3 до 5,198,0
6,6,5 до 10,6-6-5 до 10,228,0
6,6,10 до 15,6-6-10 до 15,261,0
6,6,15 до 20,6-6-15 до 20,285,0
6,6,20 до 30,6-6-20 до 30,342,0
6,6,30 до 50,6-6-30 до 50,552,0
6,6,50 до 80,6-6-50 до 80,888,0
6,6,80 до 100,6-6-80 до 100,1101,0
6,6,100 до 120,6-6-100 до 120,1257,0
6,6,от 120,6-6-от 120,1257,9
7,6,0 до 1,7-6-0 до 1,143,0
7,6,1 до 3,7-6-1 до 3,179,0
7,6,3 до 5,7-6-3 до 5,218,0
7,6,5 до 10,7-6-5 до 10,258,0
7,6,10 до 15,7-6-10 до 15,298,0
7,6,15 до 20,7-6-15 до 20,333,0
7,6,20 до 30,7-6-20 до 30,404,0
7,6,30 до 50,7-6-30 до 50,552,0
7,6,50 до 80,7-6-50 до 80,888,0
7,6,80 до 100,7-6-80 до 100,1101,0
7,6,100 до 120,7-6-100 до 120,1257,0
7,6,от 120,7-6-от 120,1257,9
8,6,0 до 1,8-6-0 до 1,143,0
8,6,1 до 3,8-6-1 до 3,179,0
8,6,3 до 5,8-6-3 до 5,218,0
8,6,5 до 10,8-6-5 до 10,258,0
8,6,10 до 15,8-6-10 до 15,298,0
8,6,15 до 20,8-6-15 до 20,330,0
8,6,20 до 30,8-6-20 до 30,404,0
8,6,30 до 50,8-6-30 до 50,551,0
8,6,50 до 80,8-6-50 до 80,885,0
8,6,80 до 100,8-6-80 до 100,1098,0
8,6,100 до 120,8-6-100 до 120,1253,0
8,6,от 120,8-6-от 120,1253,9
Москва и МО,7,0 до 1,Москва и МО-7-0 до 1,183,0
Москва и МО,7,1 до 3,Москва и МО-7-1 до 3,216,0
Москва и МО,7,3 до 5,Москва и МО-7-3 до 5,254,0
Москва и МО,7,5 до 10,Москва и МО-7-5 до 10,357,0
Москва и МО,7,10 до 15,Москва и МО-7-10 до 15,434,0
Москва и МО,7,15 до 20,Москва и МО-7-15 до 20,514,0
Москва и МО,7,20 до 30,Москва и МО-7-20 до 30,606,0
Москва и МО,7,30 до 50,Москва и МО-7-30 до 50,928,0
Москва и МО,7,50 до 80,Москва и МО-7-50 до 80,1401,0
Москва и МО,7,80 до 100,Москва и МО-7-80 до 100,1724,0
Москва и МО,7,100 до 120,Москва и МО-7-100 до 120,2047,0
Москва и МО,7,от 120,Москва и МО-7-от 120,2047,15
СПБ и ЛО,7,0 до 1,СПБ и ЛО-7-0 до 1,183,0
СПБ и ЛО,7,1 до 3,СПБ и ЛО-7-1 до 3,216,0
СПБ и ЛО,7,3 до 5,СПБ и ЛО-7-3 до 5,254,0
СПБ и ЛО,7,5 до 10,СПБ и ЛО-7-5 до 10,357,0
СПБ и ЛО,7,10 до 15,СПБ и ЛО-7-10 до 15,434,0
СПБ и ЛО,7,15 до 20,СПБ и ЛО-7-15 до 20,514,0
СПБ и ЛО,7,20 до 30,СПБ и ЛО-7-20 до 30,606,0
СПБ и ЛО,7,30 до 50,СПБ и ЛО-7-30 до 50,928,0
СПБ и ЛО,7,50 до 80,СПБ и ЛО-7-50 до 80,1401,0
СПБ и ЛО,7,80 до 100,СПБ и ЛО-7-80 до 100,1724,0
СПБ и ЛО,7,100 до 120,СПБ и ЛО-7-100 до 120,2047,0
СПБ и ЛО,7,от 120,СПБ и ЛО-7-от 120,2047,15
1,7,0 до 1,1-7-0 до 1,183,0
1,7,1 до 3,1-7-1 до 3,216,0
1,7,3 до 5,1-7-3 до 5,254,0
1,7,5 до 10,1-7-5 до 10,357,0
1,7,10 до 15,1-7-10 до 15,434,0
1,7,15 до 20,1-7-15 до 20,514,0
1,7,20 до 30,1-7-20 до 30,606,0
1,7,30 до 50,1-7-30 до 50,928,0
1,7,50 до 80,1-7-50 до 80,1680,0
1,7,80 до 100,1-7-80 до 100,2069,0
1,7,100 до 120,1-7-100 до 120,2354,0
1,7,от 120,1-7-от 120,2354,15
2,7,0 до 1,2-7-0 до 1,168,0
2,7,1 до 3,2-7-1 до 3,193,0
2,7,3 до 5,2-7-3 до 5,236,0
2,7,5 до 10,2-7-5 до 10,282,0
2,7,10 до 15,2-7-10 до 15,342,0
2,7,15 до 20,2-7-15 до 20,413,0
2,7,20 до 30,2-7-20 до 30,494,0
2,7,30 до 50,2-7-30 до 50,713,0
2,7,50 до 80,2-7-50 до 80,1214,0
2,7,80 до 100,2-7-80 до 100,1508,0
2,7,100 до 120,2-7-100 до 120,1736,0
2,7,от 120,2-7-от 120,1736,12
3,7,0 до 1,3-7-0 до 1,183,0
3,7,1 до 3,3-7-1 до 3,216,0
3,7,3 до 5,3-7-3 до 5,254,0
3,7,5 до 10,3-7-5 до 10,357,0
3,7,10 до 15,3-7-10 до 15,434,0
3,7,15 до 20,3-7-15 до 20,514,0
3,7,20 до 30,3-7-20 до 30,606,0
3,7,30 до 50,3-7-30 до 50,928,0
3,7,50 до 80,3-7-50 до 80,1680,0
3,7,80 до 100,3-7-80 до 100,2069,0
3,7,100 до 120,3-7-100 до 120,2354,0
3,7,от 120,3-7-от 120,2354,15
4,7,0 до 1,4-7-0 до 1,206,0
4,7,1 до 3,4-7-1 до 3,254,0
4,7,3 до 5,4-7-3 до 5,278,0
4,7,5 до 10,4-7-5 до 10,389,0
4,7,10 до 15,4-7-10 до 15,476,0
4,7,15 до 20,4-7-15 до 20,562,0
4,7,20 до 30,4-7-20 до 30,668,0
4,7,30 до 50,4-7-30 до 50,927,0
4,7,50 до 80,4-7-50 до 80,1677,0
4,7,80 до 100,4-7-80 до 100,2066,0
4,7,100 до 120,4-7-100 до 120,2351,0
4,7,от 120,4-7-от 120,2351,15
5,7,0 до 1,5-7-0 до 1,180,0
5,7,1 до 3,5-7-1 до 3,216,0
5,7,3 до 5,5-7-3 до 5,253,0
5,7,5 до 10,5-7-5 до 10,356,0
5,7,10 до 15,5-7-10 до 15,434,0
5,7,15 до 20,5-7-15 до 20,513,0
5,7,20 до 30,5-7-20 до 30,604,0
5,7,30 до 50,5-7-30 до 50,927,0
5,7,50 до 80,5-7-50 до 80,1677,0
5,7,80 до 100,5-7-80 до 100,2066,0
5,7,100 до 120,5-7-100 до 120,2351,0
5,7,от 120,5-7-от 120,2351,15
6,7,0 до 1,6-7-0 до 1,150,0
6,7,1 до 3,6-7-1 до 3,187,0
6,7,3 до 5,6-7-3 до 5,229,0
6,7,5 до 10,6-7-5 до 10,266,0
6,7,10 до 15,6-7-10 до 15,311,0
6,7,15 до 20,6-7-15 до 20,368,0
6,7,20 до 30,6-7-20 до 30,423,0
6,7,30 до 50,6-7-30 до 50,713,0
6,7,50 до 80,6-7-50 до 80,1214,0
6,7,80 до 100,6-7-80 до 100,1508,0
6,7,100 до 120,6-7-100 до 120,1736,0
6,7,от 120,6-7-от 120,1736,12
7,7,0 до 1,7-7-0 до 1,141,0
7,7,1 до 3,7-7-1 до 3,173,0
7,7,3 до 5,7-7-3 до 5,198,0
7,7,5 до 10,7-7-5 до 10,228,0
7,7,10 до 15,7-7-10 до 15,261,0
7,7,15 до 20,7-7-15 до 20,285,0
7,7,20 до 30,7-7-20 до 30,342,0
7,7,30 до 50,7-7-30 до 50,552,0
7,7,50 до 80,7-7-50 до 80,888,0
7,7,80 до 100,7-7-80 до 100,1101,0
7,7,100 до 120,7-7-100 до 120,1257,0
7,7,от 120,7-7-от 120,1257,9
8,7,0 до 1,8-7-0 до 1,164,0
8,7,1 до 3,8-7-1 до 3,209,0
8,7,3 до 5,8-7-3 до 5,248,0
8,7,5 до 10,8-7-5 до 10,337,0
8,7,10 до 15,8-7-10 до 15,403,0
8,7,15 до 20,8-7-15 до 20,469,0
8,7,20 до 30,8-7-20 до 30,532,0
8,7,30 до 50,8-7-30 до 50,927,0
8,7,50 до 80,8-7-50 до 80,1677,0
8,7,80 до 100,8-7-80 до 100,2066,0
8,7,100 до 120,8-7-100 до 120,2351,0
8,7,от 120,8-7-от 120,2351,15
Москва и МО,8,0 до 1,Москва и МО-8-0 до 1,183,0
Москва и МО,8,1 до 3,Москва и МО-8-1 до 3,216,0
Москва и МО,8,3 до 5,Москва и МО-8-3 до 5,254,0
Москва и МО,8,5 до 10,Москва и МО-8-5 до 10,357,0
Москва и МО,8,10 до 15,Москва и МО-8-10 до 15,434,0
Москва и МО,8,15 до 20,Москва и МО-8-15 до 20,514,0
Москва и МО,8,20 до 30,Москва и МО-8-20 до 30,606,0
Москва и МО,8,30 до 50,Москва и МО-8-30 до 50,928,0
Москва и МО,8,50 до 80,Москва и МО-8-50 до 80,1401,0
Москва и МО,8,80 до 100,Москва и МО-8-80 до 100,1724,0
Москва и МО,8,100 до 120,Москва и МО-8-100 до 120,2047,0
Москва и МО,8,от 120,Москва и МО-8-от 120,2047,15
СПБ и ЛО,8,0 до 1,СПБ и ЛО-8-0 до 1,183,0
СПБ и ЛО,8,1 до 3,СПБ и ЛО-8-1 до 3,216,0
СПБ и ЛО,8,3 до 5,СПБ и ЛО-8-3 до 5,254,0
СПБ и ЛО,8,5 до 10,СПБ и ЛО-8-5 до 10,357,0
СПБ и ЛО,8,10 до 15,СПБ и ЛО-8-10 до 15,434,0
СПБ и ЛО,8,15 до 20,СПБ и ЛО-8-15 до 20,514,0
СПБ и ЛО,8,20 до 30,СПБ и ЛО-8-20 до 30,606,0
СПБ и ЛО,8,30 до 50,СПБ и ЛО-8-30 до 50,928,0
СПБ и ЛО,8,50 до 80,СПБ и ЛО-8-50 до 80,1401,0
СПБ и ЛО,8,80 до 100,СПБ и ЛО-8-80 до 100,1724,0
СПБ и ЛО,8,100 до 120,СПБ и ЛО-8-100 до 120,2047,0
СПБ и ЛО,8,от 120,СПБ и ЛО-8-от 120,2047,15
1,8,0 до 1,1-8-0 до 1,183,0
1,8,1 до 3,1-8-1 до 3,216,0
1,8,3 до 5,1-8-3 до 5,254,0
1,8,5 до 10,1-8-5 до 10,357,0
1,8,10 до 15,1-8-10 до 15,434,0
1,8,15 до 20,1-8-15 до 20,514,0
1,8,20 до 30,1-8-20 до 30,606,0
1,8,30 до 50,1-8-30 до 50,928,0
1,8,50 до 80,1-8-50 до 80,1680,0
1,8,80 до 100,1-8-80 до 100,2069,0
1,8,100 до 120,1-8-100 до 120,2354,0
1,8,от 120,1-8-от 120,2354,15
2,8,0 до 1,2-8-0 до 1,206,0
2,8,1 до 3,2-8-1 до 3,254,0
2,8,3 до 5,2-8-3 до 5,281,0
2,8,5 до 10,2-8-5 до 10,389,0
2,8,10 до 15,2-8-10 до 15,477,0
2,8,15 до 20,2-8-15 до 20,563,0
2,8,20 до 30,2-8-20 до 30,668,0
2,8,30 до 50,2-8-30 до 50,928,0
2,8,50 до 80,2-8-50 до 80,1680,0
2,8,80 до 100,2-8-80 до 100,2069,0
2,8,100 до 120,2-8-100 до 120,2354,0
2,8,от 120,2-8-от 120,2354,15
3,8,0 до 1,3-8-0 до 1,206,0
3,8,1 до 3,3-8-1 до 3,254,0
3,8,3 до 5,3-8-3 до 5,281,0
3,8,5 до 10,3-8-5 до 10,389,0
3,8,10 до 15,3-8-10 до 15,477,0
3,8,15 до 20,3-8-15 до 20,563,0
3,8,20 до 30,3-8-20 до 30,668,0
3,8,30 до 50,3-8-30 до 50,928,0
3,8,50 до 80,3-8-50 до 80,1680,0
3,8,80 до 100,3-8-80 до 100,2069,0
3,8,100 до 120,3-8-100 до 120,2354,0
3,8,от 120,3-8-от 120,2354,15
4,8,0 до 1,4-8-0 до 1,206,0
4,8,1 до 3,4-8-1 до 3,254,0
4,8,3 до 5,4-8-3 до 5,278,0
4,8,5 до 10,4-8-5 до 10,389,0
4,8,10 до 15,4-8-10 до 15,476,0
4,8,15 до 20,4-8-15 до 20,562,0
4,8,20 до 30,4-8-20 до 30,668,0
4,8,30 до 50,4-8-30 до 50,927,0
4,8,50 до 80,4-8-50 до 80,1677,0
4,8,80 до 100,4-8-80 до 100,2066,0
4,8,100 до 120,4-8-100 до 120,2351,0
4,8,от 120,4-8-от 120,2351,15
5,8,0 до 1,5-8-0 до 1,247,0
5,8,1 до 3,5-8-1 до 3,307,0
5,8,3 до 5,5-8-3 до 5,318,0
5,8,5 до 10,5-8-5 до 10,373,0
5,8,10 до 15,5-8-10 до 15,419,0
5,8,15 до 20,5-8-15 до 20,507,0
5,8,20 до 30,5-8-20 до 30,674,0
5,8,30 до 50,5-8-30 до 50,960,0
5,8,50 до 80,5-8-50 до 80,1736,0
5,8,80 до 100,5-8-80 до 100,2141,0
5,8,100 до 120,5-8-100 до 120,2448,0
5,8,от 120,5-8-от 120,2448,15
6,8,0 до 1,6-8-0 до 1,150,0
6,8,1 до 3,6-8-1 до 3,187,0
6,8,3 до 5,6-8-3 до 5,229,0
6,8,5 до 10,6-8-5 до 10,266,0
6,8,10 до 15,6-8-10 до 15,311,0
6,8,15 до 20,6-8-15 до 20,368,0
6,8,20 до 30,6-8-20 до 30,423,0
6,8,30 до 50,6-8-30 до 50,713,0
6,8,50 до 80,6-8-50 до 80,1214,0
6,8,80 до 100,6-8-80 до 100,1508,0
6,8,100 до 120,6-8-100 до 120,1736,0
6,8,от 120,6-8-от 120,1736,12
7,8,0 до 1,7-8-0 до 1,165,0
7,8,1 до 3,7-8-1 до 3,209,0
7,8,3 до 5,7-8-3 до 5,248,0
7,8,5 до 10,7-8-5 до 10,338,0
7,8,10 до 15,7-8-10 до 15,403,0
7,8,15 до 20,7-8-15 до 20,469,0
7,8,20 до 30,7-8-20 до 30,533,0
7,8,30 до 50,7-8-30 до 50,928,0
7,8,50 до 80,7-8-50 до 80,1680,0
7,8,80 до 100,7-8-80 до 100,2069,0
7,8,100 до 120,7-8-100 до 120,2354,0
7,8,от 120,7-8-от 120,2354,15
8,8,0 до 1,8-8-0 до 1,139,0
8,8,1 до 3,8-8-1 до 3,172,0
8,8,3 до 5,8-8-3 до 5,195,0
8,8,5 до 10,8-8-5 до 10,228,0
8,8,10 до 15,8-8-10 до 15,259,0
8,8,15 до 20,8-8-15 до 20,284,0
8,8,20 до 30,8-8-20 до 30,341,0
8,8,30 до 50,8-8-30 до 50,551,0
8,8,50 до 80,8-8-50 до 80,885,0
8,8,80 до 100,8-8-80 до 100,1098,0
8,8,100 до 120,8-8-100 до 120,1253,0
8,8,от 120,8-8-от 120,1253,9
